[2026-09-28 08:49:12] local.ERROR: require(C:\Users\danie\.gemini\antigravity-ide\scratch\documentation\Intern\routes/api.php): Failed to open stream: No such file or directory {"exception":"[object] (ErrorException(code: 0): require(C:\\Users\\danie\\.gemini\\antigravity-ide\\scratch\\documentation\\Intern\\routes/api.php): Failed to open stream: No such file or directory at C:/Users/danie/.gemini/antigravity-ide/scratch/documentation/Intern/vendor/laravel/framework/src/Illuminate/Routing/RouteFileRegistrar.php:35)
[stacktrace]
#0 C:/Users/danie/.gemini/antigravity-ide/scratch/documentation/Intern/vendor/laravel/framework/src/Illuminate/Foundation/Bootstrap/HandleExceptions.php(255): Illuminate/Foundation/Bootstrap/HandleExceptions->handleError(2, 'require(C://User...', 'C://Users//danie//...', 35)
#1 C:/Users/danie/.gemini/antigravity-ide/scratch/documentation/Intern/vendor/laravel/framework/src/Illuminate/Routing/RouteFileRegistrar.php(35): Illuminate/Foundation/Bootstrap/HandleExceptions->Illuminate/Foundation/Bootstrap/{closure}(2, 'require(C://User...', 'C://Users//danie//...', 35)
#2 C:/Users/danie/.gemini/antigravity-ide/scratch/documentation/Intern/vendor/laravel/framework/src/Illuminate/Routing/RouteFileRegistrar.php(35): require('C://Users//danie//...')
#3 C:/Users/danie/.gemini/antigravity-ide/scratch/documentation/Intern/vendor/laravel/framework/src/Illuminate/Routing/Router.php(511): Illuminate/Routing/RouteFileRegistrar->register('C://Users//danie//...')
#4 C:/Users/danie/.gemini/antigravity-ide/scratch/documentation/Intern/vendor/laravel/framework/src/Illuminate/Routing/Router.php(465): Illuminate/Routing/Router->loadRoutes('C://Users//danie//...')
#5 C:/Users/danie/.gemini/antigravity-ide/scratch/documentation/Intern/vendor/laravel/framework/src/Illuminate/Routing/RouteRegistrar.php(194): Illuminate/Routing/Router->group(Array, 'C://Users//danie//...')
#6 C:/Users/danie/.gemini/antigravity-ide/scratch/documentation/Intern/app/Providers/RouteServiceProvider.php(32): Illuminate/Routing/RouteRegistrar->group('C://Users//danie//...')
#7 C:/Users/danie/.gemini/antigravity-ide/scratch/documentation/Intern/vendor/laravel/framework/src/Illuminate/Container/BoundMethod.php(36): App/Providers/RouteServiceProvider->App/Providers/{closure}()
#8 C:/Users/danie/.gemini/antigravity-ide/scratch/documentation/Intern/vendor/laravel/framework/src/Illuminate/Container/Util.php(41): Illuminate/Container/BoundMethod::Illuminate/Container/{closure}()
#9 C:/Users/danie/.gemini/antigravity-ide/scratch/documentation/Intern/vendor/laravel/framework/src/Illuminate/Container/BoundMethod.php(81): Illuminate/Container/Util::unwrapIfClosure(Object(Closure))
#10 C:/Users/danie/.gemini/antigravity-ide/scratch/documentation/Intern/vendor/laravel/framework/src/Illuminate/Container/BoundMethod.php(35): Illuminate/Container/BoundMethod::callBoundMethod(Object(Illuminate/Foundation/Application), Object(Closure), Object(Closure))
#11 C:/Users/danie/.gemini/antigravity-ide/scratch/documentation/Intern/vendor/laravel/framework/src/Illuminate/Container/Container.php(662): Illuminate/Container/BoundMethod::call(Object(Illuminate/Foundation/Application), Object(Closure), Array, NULL)
#12 C:/Users/danie/.gemini/antigravity-ide/scratch/documentation/Intern/vendor/laravel/framework/src/Illuminate/Foundation/Support/Providers/RouteServiceProvider.php(120): Illuminate/Container/Container->call(Object(Closure))
#13 C:/Users/danie/.gemini/antigravity-ide/scratch/documentation/Intern/vendor/laravel/framework/src/Illuminate/Foundation/Support/Providers/RouteServiceProvider.php(45): Illuminate/Foundation/Support/Providers/RouteServiceProvider->loadRoutes()
#14 C:/Users/danie/.gemini/antigravity-ide/scratch/documentation/Intern/vendor/laravel/framework/src/Illuminate/Container/BoundMethod.php(36): Illuminate/Foundation/Support/Providers/RouteServiceProvider->Illuminate/Foundation/Support/Providers/{closure}()
#15 C:/Users/danie/.gemini/antigravity-ide/scratch/documentation/Intern/vendor/laravel/framework/src/Illuminate/Container/Util.php(41): Illuminate/Container/BoundMethod::Illuminate/Container/{closure}()
#16 C:/Users/danie/.gemini/antigravity-ide/scratch/documentation/Intern/vendor/laravel/framework/src/Illuminate/Container/BoundMethod.php(81): Illuminate/Container/Util::unwrapIfClosure(Object(Closure))
#17 C:/Users/danie/.gemini/antigravity-ide/scratch/documentation/Intern/vendor/laravel/framework/src/Illuminate/Container/BoundMethod.php(35): Illuminate/Container/BoundMethod::callBoundMethod(Object(Illuminate/Foundation/Application), Object(Closure), Object(Closure))
#18 C:/Users/danie/.gemini/antigravity-ide/scratch/documentation/Intern/vendor/laravel/framework/src/Illuminate/Container/Container.php(662): Illuminate/Container/BoundMethod::call(Object(Illuminate/Foundation/Application), Object(Closure), Array, NULL)
#19 C:/Users/danie/.gemini/antigravity-ide/scratch/documentation/Intern/vendor/laravel/framework/src/Illuminate/Support/ServiceProvider.php(119): Illuminate/Container/Container->call(Object(Closure))
#20 C:/Users/danie/.gemini/antigravity-ide/scratch/documentation/Intern/vendor/laravel/framework/src/Illuminate/Foundation/Application.php(1062): Illuminate/Support/ServiceProvider->callBootedCallbacks()
#21 C:/Users/danie/.gemini/antigravity-ide/scratch/documentation/Intern/vendor/laravel/framework/src/Illuminate/Foundation/Application.php(1040): Illuminate/Foundation/Application->bootProvider(Object(App/Providers/RouteServiceProvider))
#22 [internal function]: Illuminate/Foundation/Application->Illuminate/Foundation/{closure}(Object(App/Providers/RouteServiceProvider), 23)
#23 C:/Users/danie/.gemini/antigravity-ide/scratch/documentation/Intern/vendor/laravel/framework/src/Illuminate/Foundation/Application.php(1039): array_walk(Array, Object(Closure))
#24 C:/Users/danie/.gemini/antigravity-ide/scratch/documentation/Intern/vendor/laravel/framework/src/Illuminate/Foundation/Bootstrap/BootProviders.php(17): Illuminate/Foundation/Application->boot()
#25 C:/Users/danie/.gemini/antigravity-ide/scratch/documentation/Intern/vendor/laravel/framework/src/Illuminate/Foundation/Application.php(286): Illuminate/Foundation/Bootstrap/BootProviders->bootstrap(Object(Illuminate/Foundation/Application))
#26 C:/Users/danie/.gemini/antigravity-ide/scratch/documentation/Intern/vendor/laravel/framework/src/Illuminate/Foundation/Console/Kernel.php(447): Illuminate/Foundation/Application->bootstrapWith(Array)
#27 C:/Users/danie/.gemini/antigravity-ide/scratch/documentation/Intern/vendor/laravel/framework/src/Illuminate/Foundation/Console/Kernel.php(199): Illuminate/Foundation/Console/Kernel->bootstrap()
#28 C:/Users/danie/.gemini/antigravity-ide/scratch/documentation/Intern/artisan(35): Illuminate/Foundation/Console/Kernel->handle(Object(Symfony/Component/Console/Input/ArgvInput), Object(Symfony/Component/Console/Output/ConsoleOutput))
#29 {main}
"} 
[2026-09-28 08:49:12] local.ERROR: require(C:\Users\danie\.gemini\antigravity-ide\scratch\documentation\Intern\routes/api.php): Failed to open stream: No such file or directory {"exception":"[object] (ErrorException(code: 0): require(C:\\Users\\danie\\.gemini\\antigravity-ide\\scratch\\documentation\\Intern\\routes/api.php): Failed to open stream: No such file or directory at C:/Users/danie/.gemini/antigravity-ide/scratch/documentation/Intern/vendor/laravel/framework/src/Illuminate/Routing/RouteFileRegistrar.php:35)
[stacktrace]
#0 C:/Users/danie/.gemini/antigravity-ide/scratch/documentation/Intern/vendor/laravel/framework/src/Illuminate/Foundation/Bootstrap/HandleExceptions.php(255): Illuminate/Foundation/Bootstrap/HandleExceptions->handleError(2, 'require(C://User...', 'C://Users//danie//...', 35)
#1 C:/Users/danie/.gemini/antigravity-ide/scratch/documentation/Intern/vendor/laravel/framework/src/Illuminate/Routing/RouteFileRegistrar.php(35): Illuminate/Foundation/Bootstrap/HandleExceptions->Illuminate/Foundation/Bootstrap/{closure}(2, 'require(C://User...', 'C://Users//danie//...', 35)
#2 C:/Users/danie/.gemini/antigravity-ide/scratch/documentation/Intern/vendor/laravel/framework/src/Illuminate/Routing/RouteFileRegistrar.php(35): require('C://Users//danie//...')
#3 C:/Users/danie/.gemini/antigravity-ide/scratch/documentation/Intern/vendor/laravel/framework/src/Illuminate/Routing/Router.php(511): Illuminate/Routing/RouteFileRegistrar->register('C://Users//danie//...')
#4 C:/Users/danie/.gemini/antigravity-ide/scratch/documentation/Intern/vendor/laravel/framework/src/Illuminate/Routing/Router.php(465): Illuminate/Routing/Router->loadRoutes('C://Users//danie//...')
#5 C:/Users/danie/.gemini/antigravity-ide/scratch/documentation/Intern/vendor/laravel/framework/src/Illuminate/Routing/RouteRegistrar.php(194): Illuminate/Routing/Router->group(Array, 'C://Users//danie//...')
#6 C:/Users/danie/.gemini/antigravity-ide/scratch/documentation/Intern/app/Providers/RouteServiceProvider.php(32): Illuminate/Routing/RouteRegistrar->group('C://Users//danie//...')
#7 C:/Users/danie/.gemini/antigravity-ide/scratch/documentation/Intern/vendor/laravel/framework/src/Illuminate/Container/BoundMethod.php(36): App/Providers/RouteServiceProvider->App/Providers/{closure}()
#8 C:/Users/danie/.gemini/antigravity-ide/scratch/documentation/Intern/vendor/laravel/framework/src/Illuminate/Container/Util.php(41): Illuminate/Container/BoundMethod::Illuminate/Container/{closure}()
#9 C:/Users/danie/.gemini/antigravity-ide/scratch/documentation/Intern/vendor/laravel/framework/src/Illuminate/Container/BoundMethod.php(81): Illuminate/Container/Util::unwrapIfClosure(Object(Closure))
#10 C:/Users/danie/.gemini/antigravity-ide/scratch/documentation/Intern/vendor/laravel/framework/src/Illuminate/Container/BoundMethod.php(35): Illuminate/Container/BoundMethod::callBoundMethod(Object(Illuminate/Foundation/Application), Object(Closure), Object(Closure))
#11 C:/Users/danie/.gemini/antigravity-ide/scratch/documentation/Intern/vendor/laravel/framework/src/Illuminate/Container/Container.php(662): Illuminate/Container/BoundMethod::call(Object(Illuminate/Foundation/Application), Object(Closure), Array, NULL)
#12 C:/Users/danie/.gemini/antigravity-ide/scratch/documentation/Intern/vendor/laravel/framework/src/Illuminate/Foundation/Support/Providers/RouteServiceProvider.php(120): Illuminate/Container/Container->call(Object(Closure))
#13 C:/Users/danie/.gemini/antigravity-ide/scratch/documentation/Intern/vendor/laravel/framework/src/Illuminate/Foundation/Support/Providers/RouteServiceProvider.php(45): Illuminate/Foundation/Support/Providers/RouteServiceProvider->loadRoutes()
#14 C:/Users/danie/.gemini/antigravity-ide/scratch/documentation/Intern/vendor/laravel/framework/src/Illuminate/Container/BoundMethod.php(36): Illuminate/Foundation/Support/Providers/RouteServiceProvider->Illuminate/Foundation/Support/Providers/{closure}()
#15 C:/Users/danie/.gemini/antigravity-ide/scratch/documentation/Intern/vendor/laravel/framework/src/Illuminate/Container/Util.php(41): Illuminate/Container/BoundMethod::Illuminate/Container/{closure}()
#16 C:/Users/danie/.gemini/antigravity-ide/scratch/documentation/Intern/vendor/laravel/framework/src/Illuminate/Container/BoundMethod.php(81): Illuminate/Container/Util::unwrapIfClosure(Object(Closure))
#17 C:/Users/danie/.gemini/antigravity-ide/scratch/documentation/Intern/vendor/laravel/framework/src/Illuminate/Container/BoundMethod.php(35): Illuminate/Container/BoundMethod::callBoundMethod(Object(Illuminate/Foundation/Application), Object(Closure), Object(Closure))
#18 C:/Users/danie/.gemini/antigravity-ide/scratch/documentation/Intern/vendor/laravel/framework/src/Illuminate/Container/Container.php(662): Illuminate/Container/BoundMethod::call(Object(Illuminate/Foundation/Application), Object(Closure), Array, NULL)
#19 C:/Users/danie/.gemini/antigravity-ide/scratch/documentation/Intern/vendor/laravel/framework/src/Illuminate/Support/ServiceProvider.php(119): Illuminate/Container/Container->call(Object(Closure))
#20 C:/Users/danie/.gemini/antigravity-ide/scratch/documentation/Intern/vendor/laravel/framework/src/Illuminate/Foundation/Application.php(1062): Illuminate/Support/ServiceProvider->callBootedCallbacks()
#21 C:/Users/danie/.gemini/antigravity-ide/scratch/documentation/Intern/vendor/laravel/framework/src/Illuminate/Foundation/Application.php(1040): Illuminate/Foundation/Application->bootProvider(Object(App/Providers/RouteServiceProvider))
#22 [internal function]: Illuminate/Foundation/Application->Illuminate/Foundation/{closure}(Object(App/Providers/RouteServiceProvider), 23)
#23 C:/Users/danie/.gemini/antigravity-ide/scratch/documentation/Intern/vendor/laravel/framework/src/Illuminate/Foundation/Application.php(1039): array_walk(Array, Object(Closure))
#24 C:/Users/danie/.gemini/antigravity-ide/scratch/documentation/Intern/vendor/laravel/framework/src/Illuminate/Foundation/Bootstrap/BootProviders.php(17): Illuminate/Foundation/Application->boot()
#25 C:/Users/danie/.gemini/antigravity-ide/scratch/documentation/Intern/vendor/laravel/framework/src/Illuminate/Foundation/Application.php(286): Illuminate/Foundation/Bootstrap/BootProviders->bootstrap(Object(Illuminate/Foundation/Application))
#26 C:/Users/danie/.gemini/antigravity-ide/scratch/documentation/Intern/vendor/laravel/framework/src/Illuminate/Foundation/Console/Kernel.php(447): Illuminate/Foundation/Application->bootstrapWith(Array)
#27 C:/Users/danie/.gemini/antigravity-ide/scratch/documentation/Intern/vendor/laravel/framework/src/Illuminate/Foundation/Console/Kernel.php(199): Illuminate/Foundation/Console/Kernel->bootstrap()
#28 C:/Users/danie/.gemini/antigravity-ide/scratch/documentation/Intern/artisan(35): Illuminate/Foundation/Console/Kernel->handle(Object(Symfony/Component/Console/Input/ArgvInput), Object(Symfony/Component/Console/Output/ConsoleOutput))
#29 {main}
"} 
[2026-09-29 03:36:44] local.ERROR: require(C:\Users\danie\.gemini\antigravity-ide\scratch\documentation\Intern\routes/console.php): Failed to open stream: No such file or directory {"exception":"[object] (ErrorException(code: 0): require(C:\\Users\\danie\\.gemini\\antigravity-ide\\scratch\\documentation\\Intern\\routes/console.php): Failed to open stream: No such file or directory at C:/Users/danie/.gemini/antigravity-ide/scratch/documentation/Intern/app/Console/Kernel.php:25)
[stacktrace]
#0 C:/Users/danie/.gemini/antigravity-ide/scratch/documentation/Intern/vendor/laravel/framework/src/Illuminate/Foundation/Bootstrap/HandleExceptions.php(255): Illuminate/Foundation/Bootstrap/HandleExceptions->handleError(2, 'require(C://User...', 'C://Users//danie//...', 25)
#1 C:/Users/danie/.gemini/antigravity-ide/scratch/documentation/Intern/app/Console/Kernel.php(25): Illuminate/Foundation/Bootstrap/HandleExceptions->Illuminate/Foundation/Bootstrap/{closure}(2, 'require(C://User...', 'C://Users//danie//...', 25)
#2 C:/Users/danie/.gemini/antigravity-ide/scratch/documentation/Intern/app/Console/Kernel.php(25): require('C://Users//danie//...')
#3 C:/Users/danie/.gemini/antigravity-ide/scratch/documentation/Intern/vendor/laravel/framework/src/Illuminate/Foundation/Console/Kernel.php(453): App/Console/Kernel->commands()
#4 C:/Users/danie/.gemini/antigravity-ide/scratch/documentation/Intern/vendor/laravel/framework/src/Illuminate/Foundation/Console/Kernel.php(199): Illuminate/Foundation/Console/Kernel->bootstrap()
#5 C:/Users/danie/.gemini/antigravity-ide/scratch/documentation/Intern/artisan(35): Illuminate/Foundation/Console/Kernel->handle(Object(Symfony/Component/Console/Input/ArgvInput), Object(Symfony/Component/Console/Output/ConsoleOutput))
#6 {main}
"} 
[2026-09-29 03:36:45] local.ERROR: require(C:\Users\danie\.gemini\antigravity-ide\scratch\documentation\Intern\routes/console.php): Failed to open stream: No such file or directory {"exception":"[object] (ErrorException(code: 0): require(C:\\Users\\danie\\.gemini\\antigravity-ide\\scratch\\documentation\\Intern\\routes/console.php): Failed to open stream: No such file or directory at C:/Users/danie/.gemini/antigravity-ide/scratch/documentation/Intern/app/Console/Kernel.php:25)
[stacktrace]
#0 C:/Users/danie/.gemini/antigravity-ide/scratch/documentation/Intern/vendor/laravel/framework/src/Illuminate/Foundation/Bootstrap/HandleExceptions.php(255): Illuminate/Foundation/Bootstrap/HandleExceptions->handleError(2, 'require(C://User...', 'C://Users//danie//...', 25)
#1 C:/Users/danie/.gemini/antigravity-ide/scratch/documentation/Intern/app/Console/Kernel.php(25): Illuminate/Foundation/Bootstrap/HandleExceptions->Illuminate/Foundation/Bootstrap/{closure}(2, 'require(C://User...', 'C://Users//danie//...', 25)
#2 C:/Users/danie/.gemini/antigravity-ide/scratch/documentation/Intern/app/Console/Kernel.php(25): require('C://Users//danie//...')
#3 C:/Users/danie/.gemini/antigravity-ide/scratch/documentation/Intern/vendor/laravel/framework/src/Illuminate/Foundation/Console/Kernel.php(453): App/Console/Kernel->commands()
#4 C:/Users/danie/.gemini/antigravity-ide/scratch/documentation/Intern/vendor/laravel/framework/src/Illuminate/Foundation/Console/Kernel.php(199): Illuminate/Foundation/Console/Kernel->bootstrap()
#5 C:/Users/danie/.gemini/antigravity-ide/scratch/documentation/Intern/artisan(35): Illuminate/Foundation/Console/Kernel->handle(Object(Symfony/Component/Console/Input/ArgvInput), Object(Symfony/Component/Console/Output/ConsoleOutput))
#6 {main}
"} 
[2026-09-29 04:07:58] local.ERROR: SQLSTATE[HY000]: General error: 1 table technicians has no column named employee_id (Connection: sqlite, SQL: insert into "technicians" ("employee_id", "name", "email", "phone", "department", "is_active", "updated_at", "created_at") values (TECH-001, Alex Rivera, arivera@company.com, 555-0101, IT Infrastructure, 1, 2026-09-29 04:07:58, 2026-09-29 04:07:58)) {"exception":"[object] (Illuminate\\Database\\QueryException(code: HY000): SQLSTATE[HY000]: General error: 1 table technicians has no column named employee_id (Connection: sqlite, SQL: insert into \"technicians\" (\"employee_id\", \"name\", \"email\", \"phone\", \"department\", \"is_active\", \"updated_at\", \"created_at\") values (TECH-001, Alex Rivera, arivera@company.com, 555-0101, IT Infrastructure, 1, 2026-09-29 04:07:58, 2026-09-29 04:07:58)) at C:/Users/danie/.gemini/antigravity-ide/scratch/documentation/Intern/vendor/laravel/framework/src/Illuminate/Database/Connection.php:829)
[stacktrace]
#0 C:/Users/danie/.gemini/antigravity-ide/scratch/documentation/Intern/vendor/laravel/framework/src/Illuminate/Database/Connection.php(783): Illuminate/Database/Connection->runQueryCallback('insert into \"te...', Array, Object(Closure))
#1 C:/Users/danie/.gemini/antigravity-ide/scratch/documentation/Intern/vendor/laravel/framework/src/Illuminate/Database/Connection.php(576): Illuminate/Database/Connection->run('insert into \"te...', Array, Object(Closure))
#2 C:/Users/danie/.gemini/antigravity-ide/scratch/documentation/Intern/vendor/laravel/framework/src/Illuminate/Database/Connection.php(540): Illuminate/Database/Connection->statement('insert into \"te...', Array)
#3 C:/Users/danie/.gemini/antigravity-ide/scratch/documentation/Intern/vendor/laravel/framework/src/Illuminate/Database/Query/Processors/Processor.php(32): Illuminate/Database/Connection->insert('insert into \"te...', Array)
#4 C:/Users/danie/.gemini/antigravity-ide/scratch/documentation/Intern/vendor/laravel/framework/src/Illuminate/Database/Query/Builder.php(3549): Illuminate/Database/Query/Processors/Processor->processInsertGetId(Object(Illuminate/Database/Query/Builder), 'insert into \"te...', Array, 'id')
#5 C:/Users/danie/.gemini/antigravity-ide/scratch/documentation/Intern/vendor/laravel/framework/src/Illuminate/Database/Eloquent/Builder.php(1982): Illuminate/Database/Query/Builder->insertGetId(Array, 'id')
#6 C:/Users/danie/.gemini/antigravity-ide/scratch/documentation/Intern/vendor/laravel/framework/src/Illuminate/Database/Eloquent/Model.php(1334): Illuminate/Database/Eloquent/Builder->__call('insertGetId', Array)
#7 C:/Users/danie/.gemini/antigravity-ide/scratch/documentation/Intern/vendor/laravel/framework/src/Illuminate/Database/Eloquent/Model.php(1299): Illuminate/Database/Eloquent/Model->insertAndSetId(Object(Illuminate/Database/Eloquent/Builder), Array)
#8 C:/Users/danie/.gemini/antigravity-ide/scratch/documentation/Intern/vendor/laravel/framework/src/Illuminate/Database/Eloquent/Model.php(1138): Illuminate/Database/Eloquent/Model->performInsert(Object(Illuminate/Database/Eloquent/Builder))
#9 C:/Users/danie/.gemini/antigravity-ide/scratch/documentation/Intern/vendor/laravel/framework/src/Illuminate/Database/Eloquent/Builder.php(1025): Illuminate/Database/Eloquent/Model->save()
#10 C:/Users/danie/.gemini/antigravity-ide/scratch/documentation/Intern/vendor/laravel/framework/src/Illuminate/Support/helpers.php(320): Illuminate/Database/Eloquent/Builder->Illuminate/Database/Eloquent/{closure}(Object(App/Models/Technician))
#11 C:/Users/danie/.gemini/antigravity-ide/scratch/documentation/Intern/vendor/laravel/framework/src/Illuminate/Database/Eloquent/Builder.php(1024): tap(Object(App/Models/Technician), Object(Closure))
#12 C:/Users/danie/.gemini/antigravity-ide/scratch/documentation/Intern/vendor/laravel/framework/src/Illuminate/Database/Eloquent/Builder.php(585): Illuminate/Database/Eloquent/Builder->create(Array)
#13 C:/Users/danie/.gemini/antigravity-ide/scratch/documentation/Intern/vendor/laravel/framework/src/Illuminate/Database/Eloquent/Builder.php(1728): Illuminate/Database/Eloquent/Builder->Illuminate/Database/Eloquent/{closure}()
#14 C:/Users/danie/.gemini/antigravity-ide/scratch/documentation/Intern/vendor/laravel/framework/src/Illuminate/Database/Eloquent/Builder.php(585): Illuminate/Database/Eloquent/Builder->withSavepointIfNeeded(Object(Closure))
#15 C:/Users/danie/.gemini/antigravity-ide/scratch/documentation/Intern/vendor/laravel/framework/src/Illuminate/Database/Eloquent/Builder.php(572): Illuminate/Database/Eloquent/Builder->createOrFirst(Array, Array)
#16 C:/Users/danie/.gemini/antigravity-ide/scratch/documentation/Intern/vendor/laravel/framework/src/Illuminate/Support/Traits/ForwardsCalls.php(23): Illuminate/Database/Eloquent/Builder->firstOrCreate(Array, Array)
#17 C:/Users/danie/.gemini/antigravity-ide/scratch/documentation/Intern/vendor/laravel/framework/src/Illuminate/Database/Eloquent/Model.php(2335): Illuminate/Database/Eloquent/Model->forwardCallTo(Object(Illuminate/Database/Eloquent/Builder), 'firstOrCreate', Array)
#18 C:/Users/danie/.gemini/antigravity-ide/scratch/documentation/Intern/vendor/laravel/framework/src/Illuminate/Database/Eloquent/Model.php(2347): Illuminate/Database/Eloquent/Model->__call('firstOrCreate', Array)
#19 C:/Users/danie/.gemini/antigravity-ide/scratch/documentation/Intern/database/seeders/DatabaseSeeder.php(46): Illuminate/Database/Eloquent/Model::__callStatic('firstOrCreate', Array)
#20 C:/Users/danie/.gemini/antigravity-ide/scratch/documentation/Intern/vendor/laravel/framework/src/Illuminate/Container/BoundMethod.php(36): Database/Seeders/DatabaseSeeder->run()
#21 C:/Users/danie/.gemini/antigravity-ide/scratch/documentation/Intern/vendor/laravel/framework/src/Illuminate/Container/Util.php(41): Illuminate/Container/BoundMethod::Illuminate/Container/{closure}()
#22 C:/Users/danie/.gemini/antigravity-ide/scratch/documentation/Intern/vendor/laravel/framework/src/Illuminate/Container/BoundMethod.php(93): Illuminate/Container/Util::unwrapIfClosure(Object(Closure))
#23 C:/Users/danie/.gemini/antigravity-ide/scratch/documentation/Intern/vendor/laravel/framework/src/Illuminate/Container/BoundMethod.php(35): Illuminate/Container/BoundMethod::callBoundMethod(Object(Illuminate/Foundation/Application), Array, Object(Closure))
#24 C:/Users/danie/.gemini/antigravity-ide/scratch/documentation/Intern/vendor/laravel/framework/src/Illuminate/Container/Container.php(662): Illuminate/Container/BoundMethod::call(Object(Illuminate/Foundation/Application), Array, Array, NULL)
#25 C:/Users/danie/.gemini/antigravity-ide/scratch/documentation/Intern/vendor/laravel/framework/src/Illuminate/Database/Seeder.php(184): Illuminate/Container/Container->call(Array, Array)
#26 C:/Users/danie/.gemini/antigravity-ide/scratch/documentation/Intern/vendor/laravel/framework/src/Illuminate/Database/Seeder.php(193): Illuminate/Database/Seeder->Illuminate/Database/{closure}()
#27 C:/Users/danie/.gemini/antigravity-ide/scratch/documentation/Intern/vendor/laravel/framework/src/Illuminate/Database/Console/Seeds/SeedCommand.php(70): Illuminate/Database/Seeder->__invoke()
#28 C:/Users/danie/.gemini/antigravity-ide/scratch/documentation/Intern/vendor/laravel/framework/src/Illuminate/Database/Eloquent/Concerns/GuardsAttributes.php(155): Illuminate/Database/Console/Seeds/SeedCommand->Illuminate/Database/Console/Seeds/{closure}()
#29 C:/Users/danie/.gemini/antigravity-ide/scratch/documentation/Intern/vendor/laravel/framework/src/Illuminate/Database/Console/Seeds/SeedCommand.php(69): Illuminate/Database/Eloquent/Model::unguarded(Object(Closure))
#30 C:/Users/danie/.gemini/antigravity-ide/scratch/documentation/Intern/vendor/laravel/framework/src/Illuminate/Container/BoundMethod.php(36): Illuminate/Database/Console/Seeds/SeedCommand->handle()
#31 C:/Users/danie/.gemini/antigravity-ide/scratch/documentation/Intern/vendor/laravel/framework/src/Illuminate/Container/Util.php(41): Illuminate/Container/BoundMethod::Illuminate/Container/{closure}()
#32 C:/Users/danie/.gemini/antigravity-ide/scratch/documentation/Intern/vendor/laravel/framework/src/Illuminate/Container/BoundMethod.php(93): Illuminate/Container/Util::unwrapIfClosure(Object(Closure))
#33 C:/Users/danie/.gemini/antigravity-ide/scratch/documentation/Intern/vendor/laravel/framework/src/Illuminate/Container/BoundMethod.php(35): Illuminate/Container/BoundMethod::callBoundMethod(Object(Illuminate/Foundation/Application), Array, Object(Closure))
#34 C:/Users/danie/.gemini/antigravity-ide/scratch/documentation/Intern/vendor/laravel/framework/src/Illuminate/Container/Container.php(662): Illuminate/Container/BoundMethod::call(Object(Illuminate/Foundation/Application), Array, Array, NULL)
#35 C:/Users/danie/.gemini/antigravity-ide/scratch/documentation/Intern/vendor/laravel/framework/src/Illuminate/Console/Command.php(211): Illuminate/Container/Container->call(Array)
#36 C:/Users/danie/.gemini/antigravity-ide/scratch/documentation/Intern/vendor/symfony/console/Command/Command.php(326): Illuminate/Console/Command->execute(Object(Symfony/Component/Console/Input/ArgvInput), Object(Illuminate/Console/OutputStyle))
#37 C:/Users/danie/.gemini/antigravity-ide/scratch/documentation/Intern/vendor/laravel/framework/src/Illuminate/Console/Command.php(180): Symfony/Component/Console/Command/Command->run(Object(Symfony/Component/Console/Input/ArgvInput), Object(Illuminate/Console/OutputStyle))
#38 C:/Users/danie/.gemini/antigravity-ide/scratch/documentation/Intern/vendor/symfony/console/Application.php(1121): Illuminate/Console/Command->run(Object(Symfony/Component/Console/Input/ArgvInput), Object(Symfony/Component/Console/Output/ConsoleOutput))
#39 C:/Users/danie/.gemini/antigravity-ide/scratch/documentation/Intern/vendor/symfony/console/Application.php(324): Symfony/Component/Console/Application->doRunCommand(Object(Illuminate/Database/Console/Seeds/SeedCommand), Object(Symfony/Component/Console/Input/ArgvInput), Object(Symfony/Component/Console/Output/ConsoleOutput))
#40 C:/Users/danie/.gemini/antigravity-ide/scratch/documentation/Intern/vendor/symfony/console/Application.php(175): Symfony/Component/Console/Application->doRun(Object(Symfony/Component/Console/Input/ArgvInput), Object(Symfony/Component/Console/Output/ConsoleOutput))
#41 C:/Users/danie/.gemini/antigravity-ide/scratch/documentation/Intern/vendor/laravel/framework/src/Illuminate/Foundation/Console/Kernel.php(201): Symfony/Component/Console/Application->run(Object(Symfony/Component/Console/Input/ArgvInput), Object(Symfony/Component/Console/Output/ConsoleOutput))
#42 C:/Users/danie/.gemini/antigravity-ide/scratch/documentation/Intern/artisan(35): Illuminate/Foundation/Console/Kernel->handle(Object(Symfony/Component/Console/Input/ArgvInput), Object(Symfony/Component/Console/Output/ConsoleOutput))
#43 {main}

[previous exception] [object] (PDOException(code: HY000): SQLSTATE[HY000]: General error: 1 table technicians has no column named employee_id at C:/Users/danie/.gemini/antigravity-ide/scratch/documentation/Intern/vendor/laravel/framework/src/Illuminate/Database/Connection.php:581)
[stacktrace]
#0 C:/Users/danie/.gemini/antigravity-ide/scratch/documentation/Intern/vendor/laravel/framework/src/Illuminate/Database/Connection.php(581): PDO->prepare('insert into \"te...')
#1 C:/Users/danie/.gemini/antigravity-ide/scratch/documentation/Intern/vendor/laravel/framework/src/Illuminate/Database/Connection.php(816): Illuminate/Database/Connection->Illuminate/Database/{closure}('insert into \"te...', Array)
#2 C:/Users/danie/.gemini/antigravity-ide/scratch/documentation/Intern/vendor/laravel/framework/src/Illuminate/Database/Connection.php(783): Illuminate/Database/Connection->runQueryCallback('insert into \"te...', Array, Object(Closure))
#3 C:/Users/danie/.gemini/antigravity-ide/scratch/documentation/Intern/vendor/laravel/framework/src/Illuminate/Database/Connection.php(576): Illuminate/Database/Connection->run('insert into \"te...', Array, Object(Closure))
#4 C:/Users/danie/.gemini/antigravity-ide/scratch/documentation/Intern/vendor/laravel/framework/src/Illuminate/Database/Connection.php(540): Illuminate/Database/Connection->statement('insert into \"te...', Array)
#5 C:/Users/danie/.gemini/antigravity-ide/scratch/documentation/Intern/vendor/laravel/framework/src/Illuminate/Database/Query/Processors/Processor.php(32): Illuminate/Database/Connection->insert('insert into \"te...', Array)
#6 C:/Users/danie/.gemini/antigravity-ide/scratch/documentation/Intern/vendor/laravel/framework/src/Illuminate/Database/Query/Builder.php(3549): Illuminate/Database/Query/Processors/Processor->processInsertGetId(Object(Illuminate/Database/Query/Builder), 'insert into \"te...', Array, 'id')
#7 C:/Users/danie/.gemini/antigravity-ide/scratch/documentation/Intern/vendor/laravel/framework/src/Illuminate/Database/Eloquent/Builder.php(1982): Illuminate/Database/Query/Builder->insertGetId(Array, 'id')
#8 C:/Users/danie/.gemini/antigravity-ide/scratch/documentation/Intern/vendor/laravel/framework/src/Illuminate/Database/Eloquent/Model.php(1334): Illuminate/Database/Eloquent/Builder->__call('insertGetId', Array)
#9 C:/Users/danie/.gemini/antigravity-ide/scratch/documentation/Intern/vendor/laravel/framework/src/Illuminate/Database/Eloquent/Model.php(1299): Illuminate/Database/Eloquent/Model->insertAndSetId(Object(Illuminate/Database/Eloquent/Builder), Array)
#10 C:/Users/danie/.gemini/antigravity-ide/scratch/documentation/Intern/vendor/laravel/framework/src/Illuminate/Database/Eloquent/Model.php(1138): Illuminate/Database/Eloquent/Model->performInsert(Object(Illuminate/Database/Eloquent/Builder))
#11 C:/Users/danie/.gemini/antigravity-ide/scratch/documentation/Intern/vendor/laravel/framework/src/Illuminate/Database/Eloquent/Builder.php(1025): Illuminate/Database/Eloquent/Model->save()
#12 C:/Users/danie/.gemini/antigravity-ide/scratch/documentation/Intern/vendor/laravel/framework/src/Illuminate/Support/helpers.php(320): Illuminate/Database/Eloquent/Builder->Illuminate/Database/Eloquent/{closure}(Object(App/Models/Technician))
#13 C:/Users/danie/.gemini/antigravity-ide/scratch/documentation/Intern/vendor/laravel/framework/src/Illuminate/Database/Eloquent/Builder.php(1024): tap(Object(App/Models/Technician), Object(Closure))
#14 C:/Users/danie/.gemini/antigravity-ide/scratch/documentation/Intern/vendor/laravel/framework/src/Illuminate/Database/Eloquent/Builder.php(585): Illuminate/Database/Eloquent/Builder->create(Array)
#15 C:/Users/danie/.gemini/antigravity-ide/scratch/documentation/Intern/vendor/laravel/framework/src/Illuminate/Database/Eloquent/Builder.php(1728): Illuminate/Database/Eloquent/Builder->Illuminate/Database/Eloquent/{closure}()
#16 C:/Users/danie/.gemini/antigravity-ide/scratch/documentation/Intern/vendor/laravel/framework/src/Illuminate/Database/Eloquent/Builder.php(585): Illuminate/Database/Eloquent/Builder->withSavepointIfNeeded(Object(Closure))
#17 C:/Users/danie/.gemini/antigravity-ide/scratch/documentation/Intern/vendor/laravel/framework/src/Illuminate/Database/Eloquent/Builder.php(572): Illuminate/Database/Eloquent/Builder->createOrFirst(Array, Array)
#18 C:/Users/danie/.gemini/antigravity-ide/scratch/documentation/Intern/vendor/laravel/framework/src/Illuminate/Support/Traits/ForwardsCalls.php(23): Illuminate/Database/Eloquent/Builder->firstOrCreate(Array, Array)
#19 C:/Users/danie/.gemini/antigravity-ide/scratch/documentation/Intern/vendor/laravel/framework/src/Illuminate/Database/Eloquent/Model.php(2335): Illuminate/Database/Eloquent/Model->forwardCallTo(Object(Illuminate/Database/Eloquent/Builder), 'firstOrCreate', Array)
#20 C:/Users/danie/.gemini/antigravity-ide/scratch/documentation/Intern/vendor/laravel/framework/src/Illuminate/Database/Eloquent/Model.php(2347): Illuminate/Database/Eloquent/Model->__call('firstOrCreate', Array)
#21 C:/Users/danie/.gemini/antigravity-ide/scratch/documentation/Intern/database/seeders/DatabaseSeeder.php(46): Illuminate/Database/Eloquent/Model::__callStatic('firstOrCreate', Array)
#22 C:/Users/danie/.gemini/antigravity-ide/scratch/documentation/Intern/vendor/laravel/framework/src/Illuminate/Container/BoundMethod.php(36): Database/Seeders/DatabaseSeeder->run()
#23 C:/Users/danie/.gemini/antigravity-ide/scratch/documentation/Intern/vendor/laravel/framework/src/Illuminate/Container/Util.php(41): Illuminate/Container/BoundMethod::Illuminate/Container/{closure}()
#24 C:/Users/danie/.gemini/antigravity-ide/scratch/documentation/Intern/vendor/laravel/framework/src/Illuminate/Container/BoundMethod.php(93): Illuminate/Container/Util::unwrapIfClosure(Object(Closure))
#25 C:/Users/danie/.gemini/antigravity-ide/scratch/documentation/Intern/vendor/laravel/framework/src/Illuminate/Container/BoundMethod.php(35): Illuminate/Container/BoundMethod::callBoundMethod(Object(Illuminate/Foundation/Application), Array, Object(Closure))
#26 C:/Users/danie/.gemini/antigravity-ide/scratch/documentation/Intern/vendor/laravel/framework/src/Illuminate/Container/Container.php(662): Illuminate/Container/BoundMethod::call(Object(Illuminate/Foundation/Application), Array, Array, NULL)
#27 C:/Users/danie/.gemini/antigravity-ide/scratch/documentation/Intern/vendor/laravel/framework/src/Illuminate/Database/Seeder.php(184): Illuminate/Container/Container->call(Array, Array)
#28 C:/Users/danie/.gemini/antigravity-ide/scratch/documentation/Intern/vendor/laravel/framework/src/Illuminate/Database/Seeder.php(193): Illuminate/Database/Seeder->Illuminate/Database/{closure}()
#29 C:/Users/danie/.gemini/antigravity-ide/scratch/documentation/Intern/vendor/laravel/framework/src/Illuminate/Database/Console/Seeds/SeedCommand.php(70): Illuminate/Database/Seeder->__invoke()
#30 C:/Users/danie/.gemini/antigravity-ide/scratch/documentation/Intern/vendor/laravel/framework/src/Illuminate/Database/Eloquent/Concerns/GuardsAttributes.php(155): Illuminate/Database/Console/Seeds/SeedCommand->Illuminate/Database/Console/Seeds/{closure}()
#31 C:/Users/danie/.gemini/antigravity-ide/scratch/documentation/Intern/vendor/laravel/framework/src/Illuminate/Database/Console/Seeds/SeedCommand.php(69): Illuminate/Database/Eloquent/Model::unguarded(Object(Closure))
#32 C:/Users/danie/.gemini/antigravity-ide/scratch/documentation/Intern/vendor/laravel/framework/src/Illuminate/Container/BoundMethod.php(36): Illuminate/Database/Console/Seeds/SeedCommand->handle()
#33 C:/Users/danie/.gemini/antigravity-ide/scratch/documentation/Intern/vendor/laravel/framework/src/Illuminate/Container/Util.php(41): Illuminate/Container/BoundMethod::Illuminate/Container/{closure}()
#34 C:/Users/danie/.gemini/antigravity-ide/scratch/documentation/Intern/vendor/laravel/framework/src/Illuminate/Container/BoundMethod.php(93): Illuminate/Container/Util::unwrapIfClosure(Object(Closure))
#35 C:/Users/danie/.gemini/antigravity-ide/scratch/documentation/Intern/vendor/laravel/framework/src/Illuminate/Container/BoundMethod.php(35): Illuminate/Container/BoundMethod::callBoundMethod(Object(Illuminate/Foundation/Application), Array, Object(Closure))
#36 C:/Users/danie/.gemini/antigravity-ide/scratch/documentation/Intern/vendor/laravel/framework/src/Illuminate/Container/Container.php(662): Illuminate/Container/BoundMethod::call(Object(Illuminate/Foundation/Application), Array, Array, NULL)
#37 C:/Users/danie/.gemini/antigravity-ide/scratch/documentation/Intern/vendor/laravel/framework/src/Illuminate/Console/Command.php(211): Illuminate/Container/Container->call(Array)
#38 C:/Users/danie/.gemini/antigravity-ide/scratch/documentation/Intern/vendor/symfony/console/Command/Command.php(326): Illuminate/Console/Command->execute(Object(Symfony/Component/Console/Input/ArgvInput), Object(Illuminate/Console/OutputStyle))
#39 C:/Users/danie/.gemini/antigravity-ide/scratch/documentation/Intern/vendor/laravel/framework/src/Illuminate/Console/Command.php(180): Symfony/Component/Console/Command/Command->run(Object(Symfony/Component/Console/Input/ArgvInput), Object(Illuminate/Console/OutputStyle))
#40 C:/Users/danie/.gemini/antigravity-ide/scratch/documentation/Intern/vendor/symfony/console/Application.php(1121): Illuminate/Console/Command->run(Object(Symfony/Component/Console/Input/ArgvInput), Object(Symfony/Component/Console/Output/ConsoleOutput))
#41 C:/Users/danie/.gemini/antigravity-ide/scratch/documentation/Intern/vendor/symfony/console/Application.php(324): Symfony/Component/Console/Application->doRunCommand(Object(Illuminate/Database/Console/Seeds/SeedCommand), Object(Symfony/Component/Console/Input/ArgvInput), Object(Symfony/Component/Console/Output/ConsoleOutput))
#42 C:/Users/danie/.gemini/antigravity-ide/scratch/documentation/Intern/vendor/symfony/console/Application.php(175): Symfony/Component/Console/Application->doRun(Object(Symfony/Component/Console/Input/ArgvInput), Object(Symfony/Component/Console/Output/ConsoleOutput))
#43 C:/Users/danie/.gemini/antigravity-ide/scratch/documentation/Intern/vendor/laravel/framework/src/Illuminate/Foundation/Console/Kernel.php(201): Symfony/Component/Console/Application->run(Object(Symfony/Component/Console/Input/ArgvInput), Object(Symfony/Component/Console/Output/ConsoleOutput))
#44 C:/Users/danie/.gemini/antigravity-ide/scratch/documentation/Intern/artisan(35): Illuminate/Foundation/Console/Kernel->handle(Object(Symfony/Component/Console/Input/ArgvInput), Object(Symfony/Component/Console/Output/ConsoleOutput))
#45 {main}
"} 
[2026-09-29 04:11:05] local.ERROR: SQLSTATE[HY000]: General error: 1 table server_racks has no column named status (Connection: sqlite, SQL: insert into "server_racks" ("rack_name", "location", "total_units", "status", "description", "updated_at", "created_at") values (Rack A1, Data Center - Floor 2, 42, active, Main Server Rack A1, 2026-09-29 04:11:05, 2026-09-29 04:11:05)) {"exception":"[object] (Illuminate\\Database\\QueryException(code: HY000): SQLSTATE[HY000]: General error: 1 table server_racks has no column named status (Connection: sqlite, SQL: insert into \"server_racks\" (\"rack_name\", \"location\", \"total_units\", \"status\", \"description\", \"updated_at\", \"created_at\") values (Rack A1, Data Center - Floor 2, 42, active, Main Server Rack A1, 2026-09-29 04:11:05, 2026-09-29 04:11:05)) at C:/Users/danie/.gemini/antigravity-ide/scratch/documentation/Intern/vendor/laravel/framework/src/Illuminate/Database/Connection.php:829)
[stacktrace]
#0 C:/Users/danie/.gemini/antigravity-ide/scratch/documentation/Intern/vendor/laravel/framework/src/Illuminate/Database/Connection.php(783): Illuminate/Database/Connection->runQueryCallback('insert into \"se...', Array, Object(Closure))
#1 C:/Users/danie/.gemini/antigravity-ide/scratch/documentation/Intern/vendor/laravel/framework/src/Illuminate/Database/Connection.php(576): Illuminate/Database/Connection->run('insert into \"se...', Array, Object(Closure))
#2 C:/Users/danie/.gemini/antigravity-ide/scratch/documentation/Intern/vendor/laravel/framework/src/Illuminate/Database/Connection.php(540): Illuminate/Database/Connection->statement('insert into \"se...', Array)
#3 C:/Users/danie/.gemini/antigravity-ide/scratch/documentation/Intern/vendor/laravel/framework/src/Illuminate/Database/Query/Processors/Processor.php(32): Illuminate/Database/Connection->insert('insert into \"se...', Array)
#4 C:/Users/danie/.gemini/antigravity-ide/scratch/documentation/Intern/vendor/laravel/framework/src/Illuminate/Database/Query/Builder.php(3549): Illuminate/Database/Query/Processors/Processor->processInsertGetId(Object(Illuminate/Database/Query/Builder), 'insert into \"se...', Array, 'id')
#5 C:/Users/danie/.gemini/antigravity-ide/scratch/documentation/Intern/vendor/laravel/framework/src/Illuminate/Database/Eloquent/Builder.php(1982): Illuminate/Database/Query/Builder->insertGetId(Array, 'id')
#6 C:/Users/danie/.gemini/antigravity-ide/scratch/documentation/Intern/vendor/laravel/framework/src/Illuminate/Database/Eloquent/Model.php(1334): Illuminate/Database/Eloquent/Builder->__call('insertGetId', Array)
#7 C:/Users/danie/.gemini/antigravity-ide/scratch/documentation/Intern/vendor/laravel/framework/src/Illuminate/Database/Eloquent/Model.php(1299): Illuminate/Database/Eloquent/Model->insertAndSetId(Object(Illuminate/Database/Eloquent/Builder), Array)
#8 C:/Users/danie/.gemini/antigravity-ide/scratch/documentation/Intern/vendor/laravel/framework/src/Illuminate/Database/Eloquent/Model.php(1138): Illuminate/Database/Eloquent/Model->performInsert(Object(Illuminate/Database/Eloquent/Builder))
#9 C:/Users/danie/.gemini/antigravity-ide/scratch/documentation/Intern/vendor/laravel/framework/src/Illuminate/Database/Eloquent/Builder.php(1025): Illuminate/Database/Eloquent/Model->save()
#10 C:/Users/danie/.gemini/antigravity-ide/scratch/documentation/Intern/vendor/laravel/framework/src/Illuminate/Support/helpers.php(320): Illuminate/Database/Eloquent/Builder->Illuminate/Database/Eloquent/{closure}(Object(App/Models/ServerRack))
#11 C:/Users/danie/.gemini/antigravity-ide/scratch/documentation/Intern/vendor/laravel/framework/src/Illuminate/Database/Eloquent/Builder.php(1024): tap(Object(App/Models/ServerRack), Object(Closure))
#12 C:/Users/danie/.gemini/antigravity-ide/scratch/documentation/Intern/vendor/laravel/framework/src/Illuminate/Database/Eloquent/Builder.php(585): Illuminate/Database/Eloquent/Builder->create(Array)
#13 C:/Users/danie/.gemini/antigravity-ide/scratch/documentation/Intern/vendor/laravel/framework/src/Illuminate/Database/Eloquent/Builder.php(1728): Illuminate/Database/Eloquent/Builder->Illuminate/Database/Eloquent/{closure}()
#14 C:/Users/danie/.gemini/antigravity-ide/scratch/documentation/Intern/vendor/laravel/framework/src/Illuminate/Database/Eloquent/Builder.php(585): Illuminate/Database/Eloquent/Builder->withSavepointIfNeeded(Object(Closure))
#15 C:/Users/danie/.gemini/antigravity-ide/scratch/documentation/Intern/vendor/laravel/framework/src/Illuminate/Database/Eloquent/Builder.php(572): Illuminate/Database/Eloquent/Builder->createOrFirst(Array, Array)
#16 C:/Users/danie/.gemini/antigravity-ide/scratch/documentation/Intern/vendor/laravel/framework/src/Illuminate/Support/Traits/ForwardsCalls.php(23): Illuminate/Database/Eloquent/Builder->firstOrCreate(Array, Array)
#17 C:/Users/danie/.gemini/antigravity-ide/scratch/documentation/Intern/vendor/laravel/framework/src/Illuminate/Database/Eloquent/Model.php(2335): Illuminate/Database/Eloquent/Model->forwardCallTo(Object(Illuminate/Database/Eloquent/Builder), 'firstOrCreate', Array)
#18 C:/Users/danie/.gemini/antigravity-ide/scratch/documentation/Intern/vendor/laravel/framework/src/Illuminate/Database/Eloquent/Model.php(2347): Illuminate/Database/Eloquent/Model->__call('firstOrCreate', Array)
#19 C:/Users/danie/.gemini/antigravity-ide/scratch/documentation/Intern/database/seeders/DatabaseSeeder.php(46): Illuminate/Database/Eloquent/Model::__callStatic('firstOrCreate', Array)
#20 C:/Users/danie/.gemini/antigravity-ide/scratch/documentation/Intern/vendor/laravel/framework/src/Illuminate/Container/BoundMethod.php(36): Database/Seeders/DatabaseSeeder->run()
#21 C:/Users/danie/.gemini/antigravity-ide/scratch/documentation/Intern/vendor/laravel/framework/src/Illuminate/Container/Util.php(41): Illuminate/Container/BoundMethod::Illuminate/Container/{closure}()
#22 C:/Users/danie/.gemini/antigravity-ide/scratch/documentation/Intern/vendor/laravel/framework/src/Illuminate/Container/BoundMethod.php(93): Illuminate/Container/Util::unwrapIfClosure(Object(Closure))
#23 C:/Users/danie/.gemini/antigravity-ide/scratch/documentation/Intern/vendor/laravel/framework/src/Illuminate/Container/BoundMethod.php(35): Illuminate/Container/BoundMethod::callBoundMethod(Object(Illuminate/Foundation/Application), Array, Object(Closure))
#24 C:/Users/danie/.gemini/antigravity-ide/scratch/documentation/Intern/vendor/laravel/framework/src/Illuminate/Container/Container.php(662): Illuminate/Container/BoundMethod::call(Object(Illuminate/Foundation/Application), Array, Array, NULL)
#25 C:/Users/danie/.gemini/antigravity-ide/scratch/documentation/Intern/vendor/laravel/framework/src/Illuminate/Database/Seeder.php(184): Illuminate/Container/Container->call(Array, Array)
#26 C:/Users/danie/.gemini/antigravity-ide/scratch/documentation/Intern/vendor/laravel/framework/src/Illuminate/Database/Seeder.php(193): Illuminate/Database/Seeder->Illuminate/Database/{closure}()
#27 C:/Users/danie/.gemini/antigravity-ide/scratch/documentation/Intern/vendor/laravel/framework/src/Illuminate/Database/Console/Seeds/SeedCommand.php(70): Illuminate/Database/Seeder->__invoke()
#28 C:/Users/danie/.gemini/antigravity-ide/scratch/documentation/Intern/vendor/laravel/framework/src/Illuminate/Database/Eloquent/Concerns/GuardsAttributes.php(155): Illuminate/Database/Console/Seeds/SeedCommand->Illuminate/Database/Console/Seeds/{closure}()
#29 C:/Users/danie/.gemini/antigravity-ide/scratch/documentation/Intern/vendor/laravel/framework/src/Illuminate/Database/Console/Seeds/SeedCommand.php(69): Illuminate/Database/Eloquent/Model::unguarded(Object(Closure))
#30 C:/Users/danie/.gemini/antigravity-ide/scratch/documentation/Intern/vendor/laravel/framework/src/Illuminate/Container/BoundMethod.php(36): Illuminate/Database/Console/Seeds/SeedCommand->handle()
#31 C:/Users/danie/.gemini/antigravity-ide/scratch/documentation/Intern/vendor/laravel/framework/src/Illuminate/Container/Util.php(41): Illuminate/Container/BoundMethod::Illuminate/Container/{closure}()
#32 C:/Users/danie/.gemini/antigravity-ide/scratch/documentation/Intern/vendor/laravel/framework/src/Illuminate/Container/BoundMethod.php(93): Illuminate/Container/Util::unwrapIfClosure(Object(Closure))
#33 C:/Users/danie/.gemini/antigravity-ide/scratch/documentation/Intern/vendor/laravel/framework/src/Illuminate/Container/BoundMethod.php(35): Illuminate/Container/BoundMethod::callBoundMethod(Object(Illuminate/Foundation/Application), Array, Object(Closure))
#34 C:/Users/danie/.gemini/antigravity-ide/scratch/documentation/Intern/vendor/laravel/framework/src/Illuminate/Container/Container.php(662): Illuminate/Container/BoundMethod::call(Object(Illuminate/Foundation/Application), Array, Array, NULL)
#35 C:/Users/danie/.gemini/antigravity-ide/scratch/documentation/Intern/vendor/laravel/framework/src/Illuminate/Console/Command.php(211): Illuminate/Container/Container->call(Array)
#36 C:/Users/danie/.gemini/antigravity-ide/scratch/documentation/Intern/vendor/symfony/console/Command/Command.php(326): Illuminate/Console/Command->execute(Object(Symfony/Component/Console/Input/ArrayInput), Object(Illuminate/Console/OutputStyle))
#37 C:/Users/danie/.gemini/antigravity-ide/scratch/documentation/Intern/vendor/laravel/framework/src/Illuminate/Console/Command.php(180): Symfony/Component/Console/Command/Command->run(Object(Symfony/Component/Console/Input/ArrayInput), Object(Illuminate/Console/OutputStyle))
#38 C:/Users/danie/.gemini/antigravity-ide/scratch/documentation/Intern/vendor/laravel/framework/src/Illuminate/Console/Concerns/CallsCommands.php(67): Illuminate/Console/Command->run(Object(Symfony/Component/Console/Input/ArrayInput), Object(Illuminate/Console/OutputStyle))
#39 C:/Users/danie/.gemini/antigravity-ide/scratch/documentation/Intern/vendor/laravel/framework/src/Illuminate/Console/Concerns/CallsCommands.php(28): Illuminate/Console/Command->runCommand('db:seed', Array, Object(Illuminate/Console/OutputStyle))
#40 C:/Users/danie/.gemini/antigravity-ide/scratch/documentation/Intern/vendor/laravel/framework/src/Illuminate/Database/Console/Migrations/FreshCommand.php(93): Illuminate/Console/Command->call('db:seed', Array)
#41 C:/Users/danie/.gemini/antigravity-ide/scratch/documentation/Intern/vendor/laravel/framework/src/Illuminate/Database/Console/Migrations/FreshCommand.php(69): Illuminate/Database/Console/Migrations/FreshCommand->runSeeder(NULL)
#42 C:/Users/danie/.gemini/antigravity-ide/scratch/documentation/Intern/vendor/laravel/framework/src/Illuminate/Container/BoundMethod.php(36): Illuminate/Database/Console/Migrations/FreshCommand->handle()
#43 C:/Users/danie/.gemini/antigravity-ide/scratch/documentation/Intern/vendor/laravel/framework/src/Illuminate/Container/Util.php(41): Illuminate/Container/BoundMethod::Illuminate/Container/{closure}()
#44 C:/Users/danie/.gemini/antigravity-ide/scratch/documentation/Intern/vendor/laravel/framework/src/Illuminate/Container/BoundMethod.php(93): Illuminate/Container/Util::unwrapIfClosure(Object(Closure))
#45 C:/Users/danie/.gemini/antigravity-ide/scratch/documentation/Intern/vendor/laravel/framework/src/Illuminate/Container/BoundMethod.php(35): Illuminate/Container/BoundMethod::callBoundMethod(Object(Illuminate/Foundation/Application), Array, Object(Closure))
#46 C:/Users/danie/.gemini/antigravity-ide/scratch/documentation/Intern/vendor/laravel/framework/src/Illuminate/Container/Container.php(662): Illuminate/Container/BoundMethod::call(Object(Illuminate/Foundation/Application), Array, Array, NULL)
#47 C:/Users/danie/.gemini/antigravity-ide/scratch/documentation/Intern/vendor/laravel/framework/src/Illuminate/Console/Command.php(211): Illuminate/Container/Container->call(Array)
#48 C:/Users/danie/.gemini/antigravity-ide/scratch/documentation/Intern/vendor/symfony/console/Command/Command.php(326): Illuminate/Console/Command->execute(Object(Symfony/Component/Console/Input/ArgvInput), Object(Illuminate/Console/OutputStyle))
#49 C:/Users/danie/.gemini/antigravity-ide/scratch/documentation/Intern/vendor/laravel/framework/src/Illuminate/Console/Command.php(180): Symfony/Component/Console/Command/Command->run(Object(Symfony/Component/Console/Input/ArgvInput), Object(Illuminate/Console/OutputStyle))
#50 C:/Users/danie/.gemini/antigravity-ide/scratch/documentation/Intern/vendor/symfony/console/Application.php(1121): Illuminate/Console/Command->run(Object(Symfony/Component/Console/Input/ArgvInput), Object(Symfony/Component/Console/Output/ConsoleOutput))
#51 C:/Users/danie/.gemini/antigravity-ide/scratch/documentation/Intern/vendor/symfony/console/Application.php(324): Symfony/Component/Console/Application->doRunCommand(Object(Illuminate/Database/Console/Migrations/FreshCommand), Object(Symfony/Component/Console/Input/ArgvInput), Object(Symfony/Component/Console/Output/ConsoleOutput))
#52 C:/Users/danie/.gemini/antigravity-ide/scratch/documentation/Intern/vendor/symfony/console/Application.php(175): Symfony/Component/Console/Application->doRun(Object(Symfony/Component/Console/Input/ArgvInput), Object(Symfony/Component/Console/Output/ConsoleOutput))
#53 C:/Users/danie/.gemini/antigravity-ide/scratch/documentation/Intern/vendor/laravel/framework/src/Illuminate/Foundation/Console/Kernel.php(201): Symfony/Component/Console/Application->run(Object(Symfony/Component/Console/Input/ArgvInput), Object(Symfony/Component/Console/Output/ConsoleOutput))
#54 C:/Users/danie/.gemini/antigravity-ide/scratch/documentation/Intern/artisan(35): Illuminate/Foundation/Console/Kernel->handle(Object(Symfony/Component/Console/Input/ArgvInput), Object(Symfony/Component/Console/Output/ConsoleOutput))
#55 {main}

[previous exception] [object] (PDOException(code: HY000): SQLSTATE[HY000]: General error: 1 table server_racks has no column named status at C:/Users/danie/.gemini/antigravity-ide/scratch/documentation/Intern/vendor/laravel/framework/src/Illuminate/Database/Connection.php:581)
[stacktrace]
#0 C:/Users/danie/.gemini/antigravity-ide/scratch/documentation/Intern/vendor/laravel/framework/src/Illuminate/Database/Connection.php(581): PDO->prepare('insert into \"se...')
#1 C:/Users/danie/.gemini/antigravity-ide/scratch/documentation/Intern/vendor/laravel/framework/src/Illuminate/Database/Connection.php(816): Illuminate/Database/Connection->Illuminate/Database/{closure}('insert into \"se...', Array)
#2 C:/Users/danie/.gemini/antigravity-ide/scratch/documentation/Intern/vendor/laravel/framework/src/Illuminate/Database/Connection.php(783): Illuminate/Database/Connection->runQueryCallback('insert into \"se...', Array, Object(Closure))
#3 C:/Users/danie/.gemini/antigravity-ide/scratch/documentation/Intern/vendor/laravel/framework/src/Illuminate/Database/Connection.php(576): Illuminate/Database/Connection->run('insert into \"se...', Array, Object(Closure))
#4 C:/Users/danie/.gemini/antigravity-ide/scratch/documentation/Intern/vendor/laravel/framework/src/Illuminate/Database/Connection.php(540): Illuminate/Database/Connection->statement('insert into \"se...', Array)
#5 C:/Users/danie/.gemini/antigravity-ide/scratch/documentation/Intern/vendor/laravel/framework/src/Illuminate/Database/Query/Processors/Processor.php(32): Illuminate/Database/Connection->insert('insert into \"se...', Array)
#6 C:/Users/danie/.gemini/antigravity-ide/scratch/documentation/Intern/vendor/laravel/framework/src/Illuminate/Database/Query/Builder.php(3549): Illuminate/Database/Query/Processors/Processor->processInsertGetId(Object(Illuminate/Database/Query/Builder), 'insert into \"se...', Array, 'id')
#7 C:/Users/danie/.gemini/antigravity-ide/scratch/documentation/Intern/vendor/laravel/framework/src/Illuminate/Database/Eloquent/Builder.php(1982): Illuminate/Database/Query/Builder->insertGetId(Array, 'id')
#8 C:/Users/danie/.gemini/antigravity-ide/scratch/documentation/Intern/vendor/laravel/framework/src/Illuminate/Database/Eloquent/Model.php(1334): Illuminate/Database/Eloquent/Builder->__call('insertGetId', Array)
#9 C:/Users/danie/.gemini/antigravity-ide/scratch/documentation/Intern/vendor/laravel/framework/src/Illuminate/Database/Eloquent/Model.php(1299): Illuminate/Database/Eloquent/Model->insertAndSetId(Object(Illuminate/Database/Eloquent/Builder), Array)
#10 C:/Users/danie/.gemini/antigravity-ide/scratch/documentation/Intern/vendor/laravel/framework/src/Illuminate/Database/Eloquent/Model.php(1138): Illuminate/Database/Eloquent/Model->performInsert(Object(Illuminate/Database/Eloquent/Builder))
#11 C:/Users/danie/.gemini/antigravity-ide/scratch/documentation/Intern/vendor/laravel/framework/src/Illuminate/Database/Eloquent/Builder.php(1025): Illuminate/Database/Eloquent/Model->save()
#12 C:/Users/danie/.gemini/antigravity-ide/scratch/documentation/Intern/vendor/laravel/framework/src/Illuminate/Support/helpers.php(320): Illuminate/Database/Eloquent/Builder->Illuminate/Database/Eloquent/{closure}(Object(App/Models/ServerRack))
#13 C:/Users/danie/.gemini/antigravity-ide/scratch/documentation/Intern/vendor/laravel/framework/src/Illuminate/Database/Eloquent/Builder.php(1024): tap(Object(App/Models/ServerRack), Object(Closure))
#14 C:/Users/danie/.gemini/antigravity-ide/scratch/documentation/Intern/vendor/laravel/framework/src/Illuminate/Database/Eloquent/Builder.php(585): Illuminate/Database/Eloquent/Builder->create(Array)
#15 C:/Users/danie/.gemini/antigravity-ide/scratch/documentation/Intern/vendor/laravel/framework/src/Illuminate/Database/Eloquent/Builder.php(1728): Illuminate/Database/Eloquent/Builder->Illuminate/Database/Eloquent/{closure}()
#16 C:/Users/danie/.gemini/antigravity-ide/scratch/documentation/Intern/vendor/laravel/framework/src/Illuminate/Database/Eloquent/Builder.php(585): Illuminate/Database/Eloquent/Builder->withSavepointIfNeeded(Object(Closure))
#17 C:/Users/danie/.gemini/antigravity-ide/scratch/documentation/Intern/vendor/laravel/framework/src/Illuminate/Database/Eloquent/Builder.php(572): Illuminate/Database/Eloquent/Builder->createOrFirst(Array, Array)
#18 C:/Users/danie/.gemini/antigravity-ide/scratch/documentation/Intern/vendor/laravel/framework/src/Illuminate/Support/Traits/ForwardsCalls.php(23): Illuminate/Database/Eloquent/Builder->firstOrCreate(Array, Array)
#19 C:/Users/danie/.gemini/antigravity-ide/scratch/documentation/Intern/vendor/laravel/framework/src/Illuminate/Database/Eloquent/Model.php(2335): Illuminate/Database/Eloquent/Model->forwardCallTo(Object(Illuminate/Database/Eloquent/Builder), 'firstOrCreate', Array)
#20 C:/Users/danie/.gemini/antigravity-ide/scratch/documentation/Intern/vendor/laravel/framework/src/Illuminate/Database/Eloquent/Model.php(2347): Illuminate/Database/Eloquent/Model->__call('firstOrCreate', Array)
#21 C:/Users/danie/.gemini/antigravity-ide/scratch/documentation/Intern/database/seeders/DatabaseSeeder.php(46): Illuminate/Database/Eloquent/Model::__callStatic('firstOrCreate', Array)
#22 C:/Users/danie/.gemini/antigravity-ide/scratch/documentation/Intern/vendor/laravel/framework/src/Illuminate/Container/BoundMethod.php(36): Database/Seeders/DatabaseSeeder->run()
#23 C:/Users/danie/.gemini/antigravity-ide/scratch/documentation/Intern/vendor/laravel/framework/src/Illuminate/Container/Util.php(41): Illuminate/Container/BoundMethod::Illuminate/Container/{closure}()
#24 C:/Users/danie/.gemini/antigravity-ide/scratch/documentation/Intern/vendor/laravel/framework/src/Illuminate/Container/BoundMethod.php(93): Illuminate/Container/Util::unwrapIfClosure(Object(Closure))
#25 C:/Users/danie/.gemini/antigravity-ide/scratch/documentation/Intern/vendor/laravel/framework/src/Illuminate/Container/BoundMethod.php(35): Illuminate/Container/BoundMethod::callBoundMethod(Object(Illuminate/Foundation/Application), Array, Object(Closure))
#26 C:/Users/danie/.gemini/antigravity-ide/scratch/documentation/Intern/vendor/laravel/framework/src/Illuminate/Container/Container.php(662): Illuminate/Container/BoundMethod::call(Object(Illuminate/Foundation/Application), Array, Array, NULL)
#27 C:/Users/danie/.gemini/antigravity-ide/scratch/documentation/Intern/vendor/laravel/framework/src/Illuminate/Database/Seeder.php(184): Illuminate/Container/Container->call(Array, Array)
#28 C:/Users/danie/.gemini/antigravity-ide/scratch/documentation/Intern/vendor/laravel/framework/src/Illuminate/Database/Seeder.php(193): Illuminate/Database/Seeder->Illuminate/Database/{closure}()
#29 C:/Users/danie/.gemini/antigravity-ide/scratch/documentation/Intern/vendor/laravel/framework/src/Illuminate/Database/Console/Seeds/SeedCommand.php(70): Illuminate/Database/Seeder->__invoke()
#30 C:/Users/danie/.gemini/antigravity-ide/scratch/documentation/Intern/vendor/laravel/framework/src/Illuminate/Database/Eloquent/Concerns/GuardsAttributes.php(155): Illuminate/Database/Console/Seeds/SeedCommand->Illuminate/Database/Console/Seeds/{closure}()
#31 C:/Users/danie/.gemini/antigravity-ide/scratch/documentation/Intern/vendor/laravel/framework/src/Illuminate/Database/Console/Seeds/SeedCommand.php(69): Illuminate/Database/Eloquent/Model::unguarded(Object(Closure))
#32 C:/Users/danie/.gemini/antigravity-ide/scratch/documentation/Intern/vendor/laravel/framework/src/Illuminate/Container/BoundMethod.php(36): Illuminate/Database/Console/Seeds/SeedCommand->handle()
#33 C:/Users/danie/.gemini/antigravity-ide/scratch/documentation/Intern/vendor/laravel/framework/src/Illuminate/Container/Util.php(41): Illuminate/Container/BoundMethod::Illuminate/Container/{closure}()
#34 C:/Users/danie/.gemini/antigravity-ide/scratch/documentation/Intern/vendor/laravel/framework/src/Illuminate/Container/BoundMethod.php(93): Illuminate/Container/Util::unwrapIfClosure(Object(Closure))
#35 C:/Users/danie/.gemini/antigravity-ide/scratch/documentation/Intern/vendor/laravel/framework/src/Illuminate/Container/BoundMethod.php(35): Illuminate/Container/BoundMethod::callBoundMethod(Object(Illuminate/Foundation/Application), Array, Object(Closure))
#36 C:/Users/danie/.gemini/antigravity-ide/scratch/documentation/Intern/vendor/laravel/framework/src/Illuminate/Container/Container.php(662): Illuminate/Container/BoundMethod::call(Object(Illuminate/Foundation/Application), Array, Array, NULL)
#37 C:/Users/danie/.gemini/antigravity-ide/scratch/documentation/Intern/vendor/laravel/framework/src/Illuminate/Console/Command.php(211): Illuminate/Container/Container->call(Array)
#38 C:/Users/danie/.gemini/antigravity-ide/scratch/documentation/Intern/vendor/symfony/console/Command/Command.php(326): Illuminate/Console/Command->execute(Object(Symfony/Component/Console/Input/ArrayInput), Object(Illuminate/Console/OutputStyle))
#39 C:/Users/danie/.gemini/antigravity-ide/scratch/documentation/Intern/vendor/laravel/framework/src/Illuminate/Console/Command.php(180): Symfony/Component/Console/Command/Command->run(Object(Symfony/Component/Console/Input/ArrayInput), Object(Illuminate/Console/OutputStyle))
#40 C:/Users/danie/.gemini/antigravity-ide/scratch/documentation/Intern/vendor/laravel/framework/src/Illuminate/Console/Concerns/CallsCommands.php(67): Illuminate/Console/Command->run(Object(Symfony/Component/Console/Input/ArrayInput), Object(Illuminate/Console/OutputStyle))
#41 C:/Users/danie/.gemini/antigravity-ide/scratch/documentation/Intern/vendor/laravel/framework/src/Illuminate/Console/Concerns/CallsCommands.php(28): Illuminate/Console/Command->runCommand('db:seed', Array, Object(Illuminate/Console/OutputStyle))
#42 C:/Users/danie/.gemini/antigravity-ide/scratch/documentation/Intern/vendor/laravel/framework/src/Illuminate/Database/Console/Migrations/FreshCommand.php(93): Illuminate/Console/Command->call('db:seed', Array)
#43 C:/Users/danie/.gemini/antigravity-ide/scratch/documentation/Intern/vendor/laravel/framework/src/Illuminate/Database/Console/Migrations/FreshCommand.php(69): Illuminate/Database/Console/Migrations/FreshCommand->runSeeder(NULL)
#44 C:/Users/danie/.gemini/antigravity-ide/scratch/documentation/Intern/vendor/laravel/framework/src/Illuminate/Container/BoundMethod.php(36): Illuminate/Database/Console/Migrations/FreshCommand->handle()
#45 C:/Users/danie/.gemini/antigravity-ide/scratch/documentation/Intern/vendor/laravel/framework/src/Illuminate/Container/Util.php(41): Illuminate/Container/BoundMethod::Illuminate/Container/{closure}()
#46 C:/Users/danie/.gemini/antigravity-ide/scratch/documentation/Intern/vendor/laravel/framework/src/Illuminate/Container/BoundMethod.php(93): Illuminate/Container/Util::unwrapIfClosure(Object(Closure))
#47 C:/Users/danie/.gemini/antigravity-ide/scratch/documentation/Intern/vendor/laravel/framework/src/Illuminate/Container/BoundMethod.php(35): Illuminate/Container/BoundMethod::callBoundMethod(Object(Illuminate/Foundation/Application), Array, Object(Closure))
#48 C:/Users/danie/.gemini/antigravity-ide/scratch/documentation/Intern/vendor/laravel/framework/src/Illuminate/Container/Container.php(662): Illuminate/Container/BoundMethod::call(Object(Illuminate/Foundation/Application), Array, Array, NULL)
#49 C:/Users/danie/.gemini/antigravity-ide/scratch/documentation/Intern/vendor/laravel/framework/src/Illuminate/Console/Command.php(211): Illuminate/Container/Container->call(Array)
#50 C:/Users/danie/.gemini/antigravity-ide/scratch/documentation/Intern/vendor/symfony/console/Command/Command.php(326): Illuminate/Console/Command->execute(Object(Symfony/Component/Console/Input/ArgvInput), Object(Illuminate/Console/OutputStyle))
#51 C:/Users/danie/.gemini/antigravity-ide/scratch/documentation/Intern/vendor/laravel/framework/src/Illuminate/Console/Command.php(180): Symfony/Component/Console/Command/Command->run(Object(Symfony/Component/Console/Input/ArgvInput), Object(Illuminate/Console/OutputStyle))
#52 C:/Users/danie/.gemini/antigravity-ide/scratch/documentation/Intern/vendor/symfony/console/Application.php(1121): Illuminate/Console/Command->run(Object(Symfony/Component/Console/Input/ArgvInput), Object(Symfony/Component/Console/Output/ConsoleOutput))
#53 C:/Users/danie/.gemini/antigravity-ide/scratch/documentation/Intern/vendor/symfony/console/Application.php(324): Symfony/Component/Console/Application->doRunCommand(Object(Illuminate/Database/Console/Migrations/FreshCommand), Object(Symfony/Component/Console/Input/ArgvInput), Object(Symfony/Component/Console/Output/ConsoleOutput))
#54 C:/Users/danie/.gemini/antigravity-ide/scratch/documentation/Intern/vendor/symfony/console/Application.php(175): Symfony/Component/Console/Application->doRun(Object(Symfony/Component/Console/Input/ArgvInput), Object(Symfony/Component/Console/Output/ConsoleOutput))
#55 C:/Users/danie/.gemini/antigravity-ide/scratch/documentation/Intern/vendor/laravel/framework/src/Illuminate/Foundation/Console/Kernel.php(201): Symfony/Component/Console/Application->run(Object(Symfony/Component/Console/Input/ArgvInput), Object(Symfony/Component/Console/Output/ConsoleOutput))
#56 C:/Users/danie/.gemini/antigravity-ide/scratch/documentation/Intern/artisan(35): Illuminate/Foundation/Console/Kernel->handle(Object(Symfony/Component/Console/Input/ArgvInput), Object(Symfony/Component/Console/Output/ConsoleOutput))
#57 {main}
"} 
[2026-09-29 04:12:55] local.ERROR: SQLSTATE[HY000]: General error: 1 table lan_ports has no column named port_number (Connection: sqlite, SQL: insert into "lan_ports" ("port_number", "user_name", "department", "floor", "switch_name", "switch_port", "vlan", "status", "technician_id", "updated_at", "created_at") values (LAN-F1-001, John Doe, Finance, Floor 1, SW-CORE-01, Gi1/0/1, 10, active, 2, 2026-09-29 04:12:55, 2026-09-29 04:12:55)) {"exception":"[object] (Illuminate\\Database\\QueryException(code: HY000): SQLSTATE[HY000]: General error: 1 table lan_ports has no column named port_number (Connection: sqlite, SQL: insert into \"lan_ports\" (\"port_number\", \"user_name\", \"department\", \"floor\", \"switch_name\", \"switch_port\", \"vlan\", \"status\", \"technician_id\", \"updated_at\", \"created_at\") values (LAN-F1-001, John Doe, Finance, Floor 1, SW-CORE-01, Gi1/0/1, 10, active, 2, 2026-09-29 04:12:55, 2026-09-29 04:12:55)) at C:/Users/danie/.gemini/antigravity-ide/scratch/documentation/Intern/vendor/laravel/framework/src/Illuminate/Database/Connection.php:829)
[stacktrace]
#0 C:/Users/danie/.gemini/antigravity-ide/scratch/documentation/Intern/vendor/laravel/framework/src/Illuminate/Database/Connection.php(783): Illuminate/Database/Connection->runQueryCallback('insert into \"la...', Array, Object(Closure))
#1 C:/Users/danie/.gemini/antigravity-ide/scratch/documentation/Intern/vendor/laravel/framework/src/Illuminate/Database/Connection.php(576): Illuminate/Database/Connection->run('insert into \"la...', Array, Object(Closure))
#2 C:/Users/danie/.gemini/antigravity-ide/scratch/documentation/Intern/vendor/laravel/framework/src/Illuminate/Database/Connection.php(540): Illuminate/Database/Connection->statement('insert into \"la...', Array)
#3 C:/Users/danie/.gemini/antigravity-ide/scratch/documentation/Intern/vendor/laravel/framework/src/Illuminate/Database/Query/Processors/Processor.php(32): Illuminate/Database/Connection->insert('insert into \"la...', Array)
#4 C:/Users/danie/.gemini/antigravity-ide/scratch/documentation/Intern/vendor/laravel/framework/src/Illuminate/Database/Query/Builder.php(3549): Illuminate/Database/Query/Processors/Processor->processInsertGetId(Object(Illuminate/Database/Query/Builder), 'insert into \"la...', Array, 'id')
#5 C:/Users/danie/.gemini/antigravity-ide/scratch/documentation/Intern/vendor/laravel/framework/src/Illuminate/Database/Eloquent/Builder.php(1982): Illuminate/Database/Query/Builder->insertGetId(Array, 'id')
#6 C:/Users/danie/.gemini/antigravity-ide/scratch/documentation/Intern/vendor/laravel/framework/src/Illuminate/Database/Eloquent/Model.php(1334): Illuminate/Database/Eloquent/Builder->__call('insertGetId', Array)
#7 C:/Users/danie/.gemini/antigravity-ide/scratch/documentation/Intern/vendor/laravel/framework/src/Illuminate/Database/Eloquent/Model.php(1299): Illuminate/Database/Eloquent/Model->insertAndSetId(Object(Illuminate/Database/Eloquent/Builder), Array)
#8 C:/Users/danie/.gemini/antigravity-ide/scratch/documentation/Intern/vendor/laravel/framework/src/Illuminate/Database/Eloquent/Model.php(1138): Illuminate/Database/Eloquent/Model->performInsert(Object(Illuminate/Database/Eloquent/Builder))
#9 C:/Users/danie/.gemini/antigravity-ide/scratch/documentation/Intern/vendor/laravel/framework/src/Illuminate/Database/Eloquent/Builder.php(1025): Illuminate/Database/Eloquent/Model->save()
#10 C:/Users/danie/.gemini/antigravity-ide/scratch/documentation/Intern/vendor/laravel/framework/src/Illuminate/Support/helpers.php(320): Illuminate/Database/Eloquent/Builder->Illuminate/Database/Eloquent/{closure}(Object(App/Models/LanPort))
#11 C:/Users/danie/.gemini/antigravity-ide/scratch/documentation/Intern/vendor/laravel/framework/src/Illuminate/Database/Eloquent/Builder.php(1024): tap(Object(App/Models/LanPort), Object(Closure))
#12 C:/Users/danie/.gemini/antigravity-ide/scratch/documentation/Intern/vendor/laravel/framework/src/Illuminate/Database/Eloquent/Builder.php(585): Illuminate/Database/Eloquent/Builder->create(Array)
#13 C:/Users/danie/.gemini/antigravity-ide/scratch/documentation/Intern/vendor/laravel/framework/src/Illuminate/Database/Eloquent/Builder.php(1728): Illuminate/Database/Eloquent/Builder->Illuminate/Database/Eloquent/{closure}()
#14 C:/Users/danie/.gemini/antigravity-ide/scratch/documentation/Intern/vendor/laravel/framework/src/Illuminate/Database/Eloquent/Builder.php(585): Illuminate/Database/Eloquent/Builder->withSavepointIfNeeded(Object(Closure))
#15 C:/Users/danie/.gemini/antigravity-ide/scratch/documentation/Intern/vendor/laravel/framework/src/Illuminate/Database/Eloquent/Builder.php(572): Illuminate/Database/Eloquent/Builder->createOrFirst(Array, Array)
#16 C:/Users/danie/.gemini/antigravity-ide/scratch/documentation/Intern/vendor/laravel/framework/src/Illuminate/Support/Traits/ForwardsCalls.php(23): Illuminate/Database/Eloquent/Builder->firstOrCreate(Array, Array)
#17 C:/Users/danie/.gemini/antigravity-ide/scratch/documentation/Intern/vendor/laravel/framework/src/Illuminate/Database/Eloquent/Model.php(2335): Illuminate/Database/Eloquent/Model->forwardCallTo(Object(Illuminate/Database/Eloquent/Builder), 'firstOrCreate', Array)
#18 C:/Users/danie/.gemini/antigravity-ide/scratch/documentation/Intern/vendor/laravel/framework/src/Illuminate/Database/Eloquent/Model.php(2347): Illuminate/Database/Eloquent/Model->__call('firstOrCreate', Array)
#19 C:/Users/danie/.gemini/antigravity-ide/scratch/documentation/Intern/database/seeders/DatabaseSeeder.php(75): Illuminate/Database/Eloquent/Model::__callStatic('firstOrCreate', Array)
#20 C:/Users/danie/.gemini/antigravity-ide/scratch/documentation/Intern/vendor/laravel/framework/src/Illuminate/Container/BoundMethod.php(36): Database/Seeders/DatabaseSeeder->run()
#21 C:/Users/danie/.gemini/antigravity-ide/scratch/documentation/Intern/vendor/laravel/framework/src/Illuminate/Container/Util.php(41): Illuminate/Container/BoundMethod::Illuminate/Container/{closure}()
#22 C:/Users/danie/.gemini/antigravity-ide/scratch/documentation/Intern/vendor/laravel/framework/src/Illuminate/Container/BoundMethod.php(93): Illuminate/Container/Util::unwrapIfClosure(Object(Closure))
#23 C:/Users/danie/.gemini/antigravity-ide/scratch/documentation/Intern/vendor/laravel/framework/src/Illuminate/Container/BoundMethod.php(35): Illuminate/Container/BoundMethod::callBoundMethod(Object(Illuminate/Foundation/Application), Array, Object(Closure))
#24 C:/Users/danie/.gemini/antigravity-ide/scratch/documentation/Intern/vendor/laravel/framework/src/Illuminate/Container/Container.php(662): Illuminate/Container/BoundMethod::call(Object(Illuminate/Foundation/Application), Array, Array, NULL)
#25 C:/Users/danie/.gemini/antigravity-ide/scratch/documentation/Intern/vendor/laravel/framework/src/Illuminate/Database/Seeder.php(184): Illuminate/Container/Container->call(Array, Array)
#26 C:/Users/danie/.gemini/antigravity-ide/scratch/documentation/Intern/vendor/laravel/framework/src/Illuminate/Database/Seeder.php(193): Illuminate/Database/Seeder->Illuminate/Database/{closure}()
#27 C:/Users/danie/.gemini/antigravity-ide/scratch/documentation/Intern/vendor/laravel/framework/src/Illuminate/Database/Console/Seeds/SeedCommand.php(70): Illuminate/Database/Seeder->__invoke()
#28 C:/Users/danie/.gemini/antigravity-ide/scratch/documentation/Intern/vendor/laravel/framework/src/Illuminate/Database/Eloquent/Concerns/GuardsAttributes.php(155): Illuminate/Database/Console/Seeds/SeedCommand->Illuminate/Database/Console/Seeds/{closure}()
#29 C:/Users/danie/.gemini/antigravity-ide/scratch/documentation/Intern/vendor/laravel/framework/src/Illuminate/Database/Console/Seeds/SeedCommand.php(69): Illuminate/Database/Eloquent/Model::unguarded(Object(Closure))
#30 C:/Users/danie/.gemini/antigravity-ide/scratch/documentation/Intern/vendor/laravel/framework/src/Illuminate/Container/BoundMethod.php(36): Illuminate/Database/Console/Seeds/SeedCommand->handle()
#31 C:/Users/danie/.gemini/antigravity-ide/scratch/documentation/Intern/vendor/laravel/framework/src/Illuminate/Container/Util.php(41): Illuminate/Container/BoundMethod::Illuminate/Container/{closure}()
#32 C:/Users/danie/.gemini/antigravity-ide/scratch/documentation/Intern/vendor/laravel/framework/src/Illuminate/Container/BoundMethod.php(93): Illuminate/Container/Util::unwrapIfClosure(Object(Closure))
#33 C:/Users/danie/.gemini/antigravity-ide/scratch/documentation/Intern/vendor/laravel/framework/src/Illuminate/Container/BoundMethod.php(35): Illuminate/Container/BoundMethod::callBoundMethod(Object(Illuminate/Foundation/Application), Array, Object(Closure))
#34 C:/Users/danie/.gemini/antigravity-ide/scratch/documentation/Intern/vendor/laravel/framework/src/Illuminate/Container/Container.php(662): Illuminate/Container/BoundMethod::call(Object(Illuminate/Foundation/Application), Array, Array, NULL)
#35 C:/Users/danie/.gemini/antigravity-ide/scratch/documentation/Intern/vendor/laravel/framework/src/Illuminate/Console/Command.php(211): Illuminate/Container/Container->call(Array)
#36 C:/Users/danie/.gemini/antigravity-ide/scratch/documentation/Intern/vendor/symfony/console/Command/Command.php(326): Illuminate/Console/Command->execute(Object(Symfony/Component/Console/Input/ArrayInput), Object(Illuminate/Console/OutputStyle))
#37 C:/Users/danie/.gemini/antigravity-ide/scratch/documentation/Intern/vendor/laravel/framework/src/Illuminate/Console/Command.php(180): Symfony/Component/Console/Command/Command->run(Object(Symfony/Component/Console/Input/ArrayInput), Object(Illuminate/Console/OutputStyle))
#38 C:/Users/danie/.gemini/antigravity-ide/scratch/documentation/Intern/vendor/laravel/framework/src/Illuminate/Console/Concerns/CallsCommands.php(67): Illuminate/Console/Command->run(Object(Symfony/Component/Console/Input/ArrayInput), Object(Illuminate/Console/OutputStyle))
#39 C:/Users/danie/.gemini/antigravity-ide/scratch/documentation/Intern/vendor/laravel/framework/src/Illuminate/Console/Concerns/CallsCommands.php(28): Illuminate/Console/Command->runCommand('db:seed', Array, Object(Illuminate/Console/OutputStyle))
#40 C:/Users/danie/.gemini/antigravity-ide/scratch/documentation/Intern/vendor/laravel/framework/src/Illuminate/Database/Console/Migrations/FreshCommand.php(93): Illuminate/Console/Command->call('db:seed', Array)
#41 C:/Users/danie/.gemini/antigravity-ide/scratch/documentation/Intern/vendor/laravel/framework/src/Illuminate/Database/Console/Migrations/FreshCommand.php(69): Illuminate/Database/Console/Migrations/FreshCommand->runSeeder(NULL)
#42 C:/Users/danie/.gemini/antigravity-ide/scratch/documentation/Intern/vendor/laravel/framework/src/Illuminate/Container/BoundMethod.php(36): Illuminate/Database/Console/Migrations/FreshCommand->handle()
#43 C:/Users/danie/.gemini/antigravity-ide/scratch/documentation/Intern/vendor/laravel/framework/src/Illuminate/Container/Util.php(41): Illuminate/Container/BoundMethod::Illuminate/Container/{closure}()
#44 C:/Users/danie/.gemini/antigravity-ide/scratch/documentation/Intern/vendor/laravel/framework/src/Illuminate/Container/BoundMethod.php(93): Illuminate/Container/Util::unwrapIfClosure(Object(Closure))
#45 C:/Users/danie/.gemini/antigravity-ide/scratch/documentation/Intern/vendor/laravel/framework/src/Illuminate/Container/BoundMethod.php(35): Illuminate/Container/BoundMethod::callBoundMethod(Object(Illuminate/Foundation/Application), Array, Object(Closure))
#46 C:/Users/danie/.gemini/antigravity-ide/scratch/documentation/Intern/vendor/laravel/framework/src/Illuminate/Container/Container.php(662): Illuminate/Container/BoundMethod::call(Object(Illuminate/Foundation/Application), Array, Array, NULL)
#47 C:/Users/danie/.gemini/antigravity-ide/scratch/documentation/Intern/vendor/laravel/framework/src/Illuminate/Console/Command.php(211): Illuminate/Container/Container->call(Array)
#48 C:/Users/danie/.gemini/antigravity-ide/scratch/documentation/Intern/vendor/symfony/console/Command/Command.php(326): Illuminate/Console/Command->execute(Object(Symfony/Component/Console/Input/ArgvInput), Object(Illuminate/Console/OutputStyle))
#49 C:/Users/danie/.gemini/antigravity-ide/scratch/documentation/Intern/vendor/laravel/framework/src/Illuminate/Console/Command.php(180): Symfony/Component/Console/Command/Command->run(Object(Symfony/Component/Console/Input/ArgvInput), Object(Illuminate/Console/OutputStyle))
#50 C:/Users/danie/.gemini/antigravity-ide/scratch/documentation/Intern/vendor/symfony/console/Application.php(1121): Illuminate/Console/Command->run(Object(Symfony/Component/Console/Input/ArgvInput), Object(Symfony/Component/Console/Output/ConsoleOutput))
#51 C:/Users/danie/.gemini/antigravity-ide/scratch/documentation/Intern/vendor/symfony/console/Application.php(324): Symfony/Component/Console/Application->doRunCommand(Object(Illuminate/Database/Console/Migrations/FreshCommand), Object(Symfony/Component/Console/Input/ArgvInput), Object(Symfony/Component/Console/Output/ConsoleOutput))
#52 C:/Users/danie/.gemini/antigravity-ide/scratch/documentation/Intern/vendor/symfony/console/Application.php(175): Symfony/Component/Console/Application->doRun(Object(Symfony/Component/Console/Input/ArgvInput), Object(Symfony/Component/Console/Output/ConsoleOutput))
#53 C:/Users/danie/.gemini/antigravity-ide/scratch/documentation/Intern/vendor/laravel/framework/src/Illuminate/Foundation/Console/Kernel.php(201): Symfony/Component/Console/Application->run(Object(Symfony/Component/Console/Input/ArgvInput), Object(Symfony/Component/Console/Output/ConsoleOutput))
#54 C:/Users/danie/.gemini/antigravity-ide/scratch/documentation/Intern/artisan(35): Illuminate/Foundation/Console/Kernel->handle(Object(Symfony/Component/Console/Input/ArgvInput), Object(Symfony/Component/Console/Output/ConsoleOutput))
#55 {main}

[previous exception] [object] (PDOException(code: HY000): SQLSTATE[HY000]: General error: 1 table lan_ports has no column named port_number at C:/Users/danie/.gemini/antigravity-ide/scratch/documentation/Intern/vendor/laravel/framework/src/Illuminate/Database/Connection.php:581)
[stacktrace]
#0 C:/Users/danie/.gemini/antigravity-ide/scratch/documentation/Intern/vendor/laravel/framework/src/Illuminate/Database/Connection.php(581): PDO->prepare('insert into \"la...')
#1 C:/Users/danie/.gemini/antigravity-ide/scratch/documentation/Intern/vendor/laravel/framework/src/Illuminate/Database/Connection.php(816): Illuminate/Database/Connection->Illuminate/Database/{closure}('insert into \"la...', Array)
#2 C:/Users/danie/.gemini/antigravity-ide/scratch/documentation/Intern/vendor/laravel/framework/src/Illuminate/Database/Connection.php(783): Illuminate/Database/Connection->runQueryCallback('insert into \"la...', Array, Object(Closure))
#3 C:/Users/danie/.gemini/antigravity-ide/scratch/documentation/Intern/vendor/laravel/framework/src/Illuminate/Database/Connection.php(576): Illuminate/Database/Connection->run('insert into \"la...', Array, Object(Closure))
#4 C:/Users/danie/.gemini/antigravity-ide/scratch/documentation/Intern/vendor/laravel/framework/src/Illuminate/Database/Connection.php(540): Illuminate/Database/Connection->statement('insert into \"la...', Array)
#5 C:/Users/danie/.gemini/antigravity-ide/scratch/documentation/Intern/vendor/laravel/framework/src/Illuminate/Database/Query/Processors/Processor.php(32): Illuminate/Database/Connection->insert('insert into \"la...', Array)
#6 C:/Users/danie/.gemini/antigravity-ide/scratch/documentation/Intern/vendor/laravel/framework/src/Illuminate/Database/Query/Builder.php(3549): Illuminate/Database/Query/Processors/Processor->processInsertGetId(Object(Illuminate/Database/Query/Builder), 'insert into \"la...', Array, 'id')
#7 C:/Users/danie/.gemini/antigravity-ide/scratch/documentation/Intern/vendor/laravel/framework/src/Illuminate/Database/Eloquent/Builder.php(1982): Illuminate/Database/Query/Builder->insertGetId(Array, 'id')
#8 C:/Users/danie/.gemini/antigravity-ide/scratch/documentation/Intern/vendor/laravel/framework/src/Illuminate/Database/Eloquent/Model.php(1334): Illuminate/Database/Eloquent/Builder->__call('insertGetId', Array)
#9 C:/Users/danie/.gemini/antigravity-ide/scratch/documentation/Intern/vendor/laravel/framework/src/Illuminate/Database/Eloquent/Model.php(1299): Illuminate/Database/Eloquent/Model->insertAndSetId(Object(Illuminate/Database/Eloquent/Builder), Array)
#10 C:/Users/danie/.gemini/antigravity-ide/scratch/documentation/Intern/vendor/laravel/framework/src/Illuminate/Database/Eloquent/Model.php(1138): Illuminate/Database/Eloquent/Model->performInsert(Object(Illuminate/Database/Eloquent/Builder))
#11 C:/Users/danie/.gemini/antigravity-ide/scratch/documentation/Intern/vendor/laravel/framework/src/Illuminate/Database/Eloquent/Builder.php(1025): Illuminate/Database/Eloquent/Model->save()
#12 C:/Users/danie/.gemini/antigravity-ide/scratch/documentation/Intern/vendor/laravel/framework/src/Illuminate/Support/helpers.php(320): Illuminate/Database/Eloquent/Builder->Illuminate/Database/Eloquent/{closure}(Object(App/Models/LanPort))
#13 C:/Users/danie/.gemini/antigravity-ide/scratch/documentation/Intern/vendor/laravel/framework/src/Illuminate/Database/Eloquent/Builder.php(1024): tap(Object(App/Models/LanPort), Object(Closure))
#14 C:/Users/danie/.gemini/antigravity-ide/scratch/documentation/Intern/vendor/laravel/framework/src/Illuminate/Database/Eloquent/Builder.php(585): Illuminate/Database/Eloquent/Builder->create(Array)
#15 C:/Users/danie/.gemini/antigravity-ide/scratch/documentation/Intern/vendor/laravel/framework/src/Illuminate/Database/Eloquent/Builder.php(1728): Illuminate/Database/Eloquent/Builder->Illuminate/Database/Eloquent/{closure}()
#16 C:/Users/danie/.gemini/antigravity-ide/scratch/documentation/Intern/vendor/laravel/framework/src/Illuminate/Database/Eloquent/Builder.php(585): Illuminate/Database/Eloquent/Builder->withSavepointIfNeeded(Object(Closure))
#17 C:/Users/danie/.gemini/antigravity-ide/scratch/documentation/Intern/vendor/laravel/framework/src/Illuminate/Database/Eloquent/Builder.php(572): Illuminate/Database/Eloquent/Builder->createOrFirst(Array, Array)
#18 C:/Users/danie/.gemini/antigravity-ide/scratch/documentation/Intern/vendor/laravel/framework/src/Illuminate/Support/Traits/ForwardsCalls.php(23): Illuminate/Database/Eloquent/Builder->firstOrCreate(Array, Array)
#19 C:/Users/danie/.gemini/antigravity-ide/scratch/documentation/Intern/vendor/laravel/framework/src/Illuminate/Database/Eloquent/Model.php(2335): Illuminate/Database/Eloquent/Model->forwardCallTo(Object(Illuminate/Database/Eloquent/Builder), 'firstOrCreate', Array)
#20 C:/Users/danie/.gemini/antigravity-ide/scratch/documentation/Intern/vendor/laravel/framework/src/Illuminate/Database/Eloquent/Model.php(2347): Illuminate/Database/Eloquent/Model->__call('firstOrCreate', Array)
#21 C:/Users/danie/.gemini/antigravity-ide/scratch/documentation/Intern/database/seeders/DatabaseSeeder.php(75): Illuminate/Database/Eloquent/Model::__callStatic('firstOrCreate', Array)
#22 C:/Users/danie/.gemini/antigravity-ide/scratch/documentation/Intern/vendor/laravel/framework/src/Illuminate/Container/BoundMethod.php(36): Database/Seeders/DatabaseSeeder->run()
#23 C:/Users/danie/.gemini/antigravity-ide/scratch/documentation/Intern/vendor/laravel/framework/src/Illuminate/Container/Util.php(41): Illuminate/Container/BoundMethod::Illuminate/Container/{closure}()
#24 C:/Users/danie/.gemini/antigravity-ide/scratch/documentation/Intern/vendor/laravel/framework/src/Illuminate/Container/BoundMethod.php(93): Illuminate/Container/Util::unwrapIfClosure(Object(Closure))
#25 C:/Users/danie/.gemini/antigravity-ide/scratch/documentation/Intern/vendor/laravel/framework/src/Illuminate/Container/BoundMethod.php(35): Illuminate/Container/BoundMethod::callBoundMethod(Object(Illuminate/Foundation/Application), Array, Object(Closure))
#26 C:/Users/danie/.gemini/antigravity-ide/scratch/documentation/Intern/vendor/laravel/framework/src/Illuminate/Container/Container.php(662): Illuminate/Container/BoundMethod::call(Object(Illuminate/Foundation/Application), Array, Array, NULL)
#27 C:/Users/danie/.gemini/antigravity-ide/scratch/documentation/Intern/vendor/laravel/framework/src/Illuminate/Database/Seeder.php(184): Illuminate/Container/Container->call(Array, Array)
#28 C:/Users/danie/.gemini/antigravity-ide/scratch/documentation/Intern/vendor/laravel/framework/src/Illuminate/Database/Seeder.php(193): Illuminate/Database/Seeder->Illuminate/Database/{closure}()
#29 C:/Users/danie/.gemini/antigravity-ide/scratch/documentation/Intern/vendor/laravel/framework/src/Illuminate/Database/Console/Seeds/SeedCommand.php(70): Illuminate/Database/Seeder->__invoke()
#30 C:/Users/danie/.gemini/antigravity-ide/scratch/documentation/Intern/vendor/laravel/framework/src/Illuminate/Database/Eloquent/Concerns/GuardsAttributes.php(155): Illuminate/Database/Console/Seeds/SeedCommand->Illuminate/Database/Console/Seeds/{closure}()
#31 C:/Users/danie/.gemini/antigravity-ide/scratch/documentation/Intern/vendor/laravel/framework/src/Illuminate/Database/Console/Seeds/SeedCommand.php(69): Illuminate/Database/Eloquent/Model::unguarded(Object(Closure))
#32 C:/Users/danie/.gemini/antigravity-ide/scratch/documentation/Intern/vendor/laravel/framework/src/Illuminate/Container/BoundMethod.php(36): Illuminate/Database/Console/Seeds/SeedCommand->handle()
#33 C:/Users/danie/.gemini/antigravity-ide/scratch/documentation/Intern/vendor/laravel/framework/src/Illuminate/Container/Util.php(41): Illuminate/Container/BoundMethod::Illuminate/Container/{closure}()
#34 C:/Users/danie/.gemini/antigravity-ide/scratch/documentation/Intern/vendor/laravel/framework/src/Illuminate/Container/BoundMethod.php(93): Illuminate/Container/Util::unwrapIfClosure(Object(Closure))
#35 C:/Users/danie/.gemini/antigravity-ide/scratch/documentation/Intern/vendor/laravel/framework/src/Illuminate/Container/BoundMethod.php(35): Illuminate/Container/BoundMethod::callBoundMethod(Object(Illuminate/Foundation/Application), Array, Object(Closure))
#36 C:/Users/danie/.gemini/antigravity-ide/scratch/documentation/Intern/vendor/laravel/framework/src/Illuminate/Container/Container.php(662): Illuminate/Container/BoundMethod::call(Object(Illuminate/Foundation/Application), Array, Array, NULL)
#37 C:/Users/danie/.gemini/antigravity-ide/scratch/documentation/Intern/vendor/laravel/framework/src/Illuminate/Console/Command.php(211): Illuminate/Container/Container->call(Array)
#38 C:/Users/danie/.gemini/antigravity-ide/scratch/documentation/Intern/vendor/symfony/console/Command/Command.php(326): Illuminate/Console/Command->execute(Object(Symfony/Component/Console/Input/ArrayInput), Object(Illuminate/Console/OutputStyle))
#39 C:/Users/danie/.gemini/antigravity-ide/scratch/documentation/Intern/vendor/laravel/framework/src/Illuminate/Console/Command.php(180): Symfony/Component/Console/Command/Command->run(Object(Symfony/Component/Console/Input/ArrayInput), Object(Illuminate/Console/OutputStyle))
#40 C:/Users/danie/.gemini/antigravity-ide/scratch/documentation/Intern/vendor/laravel/framework/src/Illuminate/Console/Concerns/CallsCommands.php(67): Illuminate/Console/Command->run(Object(Symfony/Component/Console/Input/ArrayInput), Object(Illuminate/Console/OutputStyle))
#41 C:/Users/danie/.gemini/antigravity-ide/scratch/documentation/Intern/vendor/laravel/framework/src/Illuminate/Console/Concerns/CallsCommands.php(28): Illuminate/Console/Command->runCommand('db:seed', Array, Object(Illuminate/Console/OutputStyle))
#42 C:/Users/danie/.gemini/antigravity-ide/scratch/documentation/Intern/vendor/laravel/framework/src/Illuminate/Database/Console/Migrations/FreshCommand.php(93): Illuminate/Console/Command->call('db:seed', Array)
#43 C:/Users/danie/.gemini/antigravity-ide/scratch/documentation/Intern/vendor/laravel/framework/src/Illuminate/Database/Console/Migrations/FreshCommand.php(69): Illuminate/Database/Console/Migrations/FreshCommand->runSeeder(NULL)
#44 C:/Users/danie/.gemini/antigravity-ide/scratch/documentation/Intern/vendor/laravel/framework/src/Illuminate/Container/BoundMethod.php(36): Illuminate/Database/Console/Migrations/FreshCommand->handle()
#45 C:/Users/danie/.gemini/antigravity-ide/scratch/documentation/Intern/vendor/laravel/framework/src/Illuminate/Container/Util.php(41): Illuminate/Container/BoundMethod::Illuminate/Container/{closure}()
#46 C:/Users/danie/.gemini/antigravity-ide/scratch/documentation/Intern/vendor/laravel/framework/src/Illuminate/Container/BoundMethod.php(93): Illuminate/Container/Util::unwrapIfClosure(Object(Closure))
#47 C:/Users/danie/.gemini/antigravity-ide/scratch/documentation/Intern/vendor/laravel/framework/src/Illuminate/Container/BoundMethod.php(35): Illuminate/Container/BoundMethod::callBoundMethod(Object(Illuminate/Foundation/Application), Array, Object(Closure))
#48 C:/Users/danie/.gemini/antigravity-ide/scratch/documentation/Intern/vendor/laravel/framework/src/Illuminate/Container/Container.php(662): Illuminate/Container/BoundMethod::call(Object(Illuminate/Foundation/Application), Array, Array, NULL)
#49 C:/Users/danie/.gemini/antigravity-ide/scratch/documentation/Intern/vendor/laravel/framework/src/Illuminate/Console/Command.php(211): Illuminate/Container/Container->call(Array)
#50 C:/Users/danie/.gemini/antigravity-ide/scratch/documentation/Intern/vendor/symfony/console/Command/Command.php(326): Illuminate/Console/Command->execute(Object(Symfony/Component/Console/Input/ArgvInput), Object(Illuminate/Console/OutputStyle))
#51 C:/Users/danie/.gemini/antigravity-ide/scratch/documentation/Intern/vendor/laravel/framework/src/Illuminate/Console/Command.php(180): Symfony/Component/Console/Command/Command->run(Object(Symfony/Component/Console/Input/ArgvInput), Object(Illuminate/Console/OutputStyle))
#52 C:/Users/danie/.gemini/antigravity-ide/scratch/documentation/Intern/vendor/symfony/console/Application.php(1121): Illuminate/Console/Command->run(Object(Symfony/Component/Console/Input/ArgvInput), Object(Symfony/Component/Console/Output/ConsoleOutput))
#53 C:/Users/danie/.gemini/antigravity-ide/scratch/documentation/Intern/vendor/symfony/console/Application.php(324): Symfony/Component/Console/Application->doRunCommand(Object(Illuminate/Database/Console/Migrations/FreshCommand), Object(Symfony/Component/Console/Input/ArgvInput), Object(Symfony/Component/Console/Output/ConsoleOutput))
#54 C:/Users/danie/.gemini/antigravity-ide/scratch/documentation/Intern/vendor/symfony/console/Application.php(175): Symfony/Component/Console/Application->doRun(Object(Symfony/Component/Console/Input/ArgvInput), Object(Symfony/Component/Console/Output/ConsoleOutput))
#55 C:/Users/danie/.gemini/antigravity-ide/scratch/documentation/Intern/vendor/laravel/framework/src/Illuminate/Foundation/Console/Kernel.php(201): Symfony/Component/Console/Application->run(Object(Symfony/Component/Console/Input/ArgvInput), Object(Symfony/Component/Console/Output/ConsoleOutput))
#56 C:/Users/danie/.gemini/antigravity-ide/scratch/documentation/Intern/artisan(35): Illuminate/Foundation/Console/Kernel->handle(Object(Symfony/Component/Console/Input/ArgvInput), Object(Symfony/Component/Console/Output/ConsoleOutput))
#57 {main}
"} 
[2026-09-29 04:23:20] local.ERROR: include(C:\Users\danie\.gemini\antigravity-ide\scratch\documentation\Intern\vendor\composer/../../app/Http/Middleware/TrustProxies.php): Failed to open stream: No such file or directory {"exception":"[object] (ErrorException(code: 0): include(C:\\Users\\danie\\.gemini\\antigravity-ide\\scratch\\documentation\\Intern\\vendor\\composer/../../app/Http/Middleware/TrustProxies.php): Failed to open stream: No such file or directory at C:/Users/danie/.gemini/antigravity-ide/scratch/documentation/Intern/vendor/composer/ClassLoader.php:576)
[stacktrace]
#0 C:/Users/danie/.gemini/antigravity-ide/scratch/documentation/Intern/vendor/laravel/framework/src/Illuminate/Foundation/Bootstrap/HandleExceptions.php(255): Illuminate/Foundation/Bootstrap/HandleExceptions->handleError(2, 'include(C://User...', 'C://Users//danie//...', 576)
#1 C:/Users/danie/.gemini/antigravity-ide/scratch/documentation/Intern/vendor/composer/ClassLoader.php(576): Illuminate/Foundation/Bootstrap/HandleExceptions->Illuminate/Foundation/Bootstrap/{closure}(2, 'include(C://User...', 'C://Users//danie//...', 576)
#2 C:/Users/danie/.gemini/antigravity-ide/scratch/documentation/Intern/vendor/composer/ClassLoader.php(576): include('C://Users//danie//...')
#3 C:/Users/danie/.gemini/antigravity-ide/scratch/documentation/Intern/vendor/composer/ClassLoader.php(427): Composer/Autoload/{closure}('C://Users//danie//...')
#4 [internal function]: Composer/Autoload/ClassLoader->loadClass('App//Http//Middle...')
#5 C:/Users/danie/.gemini/antigravity-ide/scratch/documentation/Intern/vendor/laravel/framework/src/Illuminate/Container/Container.php(912): ReflectionClass->__construct('App//Http//Middle...')
#6 C:/Users/danie/.gemini/antigravity-ide/scratch/documentation/Intern/vendor/laravel/framework/src/Illuminate/Container/Container.php(795): Illuminate/Container/Container->build('App//Http//Middle...')
#7 C:/Users/danie/.gemini/antigravity-ide/scratch/documentation/Intern/vendor/laravel/framework/src/Illuminate/Foundation/Application.php(986): Illuminate/Container/Container->resolve('App//Http//Middle...', Array, true)
#8 C:/Users/danie/.gemini/antigravity-ide/scratch/documentation/Intern/vendor/laravel/framework/src/Illuminate/Container/Container.php(731): Illuminate/Foundation/Application->resolve('App//Http//Middle...', Array)
#9 C:/Users/danie/.gemini/antigravity-ide/scratch/documentation/Intern/vendor/laravel/framework/src/Illuminate/Foundation/Application.php(971): Illuminate/Container/Container->make('App//Http//Middle...', Array)
#10 C:/Users/danie/.gemini/antigravity-ide/scratch/documentation/Intern/vendor/laravel/framework/src/Illuminate/Pipeline/Pipeline.php(172): Illuminate/Foundation/Application->make('App//Http//Middle...')
#11 C:/Users/danie/.gemini/antigravity-ide/scratch/documentation/Intern/vendor/laravel/framework/src/Illuminate/Pipeline/Pipeline.php(119): Illuminate/Pipeline/Pipeline->Illuminate/Pipeline/{closure}(Object(Illuminate/Http/Request))
#12 C:/Users/danie/.gemini/antigravity-ide/scratch/documentation/Intern/vendor/laravel/framework/src/Illuminate/Foundation/Http/Kernel.php(175): Illuminate/Pipeline/Pipeline->then(Object(Closure))
#13 C:/Users/danie/.gemini/antigravity-ide/scratch/documentation/Intern/vendor/laravel/framework/src/Illuminate/Foundation/Http/Kernel.php(144): Illuminate/Foundation/Http/Kernel->sendRequestThroughRouter(Object(Illuminate/Http/Request))
#14 C:/Users/danie/.gemini/antigravity-ide/scratch/documentation/Intern/public/index.php(51): Illuminate/Foundation/Http/Kernel->handle(Object(Illuminate/Http/Request))
#15 C:/Users/danie/.gemini/antigravity-ide/scratch/documentation/Intern/vendor/laravel/framework/src/Illuminate/Foundation/resources/server.php(16): require_once('C://Users//danie//...')
#16 {main}
"} 
[2026-09-29 04:23:20] local.ERROR: include(C:\Users\danie\.gemini\antigravity-ide\scratch\documentation\Intern\vendor\composer/../../app/Http/Middleware/TrustProxies.php): Failed to open stream: No such file or directory {"exception":"[object] (ErrorException(code: 0): include(C:\\Users\\danie\\.gemini\\antigravity-ide\\scratch\\documentation\\Intern\\vendor\\composer/../../app/Http/Middleware/TrustProxies.php): Failed to open stream: No such file or directory at C:/Users/danie/.gemini/antigravity-ide/scratch/documentation/Intern/vendor/composer/ClassLoader.php:576)
[stacktrace]
#0 C:/Users/danie/.gemini/antigravity-ide/scratch/documentation/Intern/vendor/laravel/framework/src/Illuminate/Foundation/Bootstrap/HandleExceptions.php(255): Illuminate/Foundation/Bootstrap/HandleExceptions->handleError(2, 'include(C://User...', 'C://Users//danie//...', 576)
#1 C:/Users/danie/.gemini/antigravity-ide/scratch/documentation/Intern/vendor/composer/ClassLoader.php(576): Illuminate/Foundation/Bootstrap/HandleExceptions->Illuminate/Foundation/Bootstrap/{closure}(2, 'include(C://User...', 'C://Users//danie//...', 576)
#2 C:/Users/danie/.gemini/antigravity-ide/scratch/documentation/Intern/vendor/composer/ClassLoader.php(576): include('C://Users//danie//...')
#3 C:/Users/danie/.gemini/antigravity-ide/scratch/documentation/Intern/vendor/composer/ClassLoader.php(427): Composer/Autoload/{closure}('C://Users//danie//...')
#4 [internal function]: Composer/Autoload/ClassLoader->loadClass('App//Http//Middle...')
#5 C:/Users/danie/.gemini/antigravity-ide/scratch/documentation/Intern/vendor/laravel/framework/src/Illuminate/Container/Container.php(912): ReflectionClass->__construct('App//Http//Middle...')
#6 C:/Users/danie/.gemini/antigravity-ide/scratch/documentation/Intern/vendor/laravel/framework/src/Illuminate/Container/Container.php(795): Illuminate/Container/Container->build('App//Http//Middle...')
#7 C:/Users/danie/.gemini/antigravity-ide/scratch/documentation/Intern/vendor/laravel/framework/src/Illuminate/Foundation/Application.php(986): Illuminate/Container/Container->resolve('App//Http//Middle...', Array, true)
#8 C:/Users/danie/.gemini/antigravity-ide/scratch/documentation/Intern/vendor/laravel/framework/src/Illuminate/Container/Container.php(731): Illuminate/Foundation/Application->resolve('App//Http//Middle...', Array)
#9 C:/Users/danie/.gemini/antigravity-ide/scratch/documentation/Intern/vendor/laravel/framework/src/Illuminate/Foundation/Application.php(971): Illuminate/Container/Container->make('App//Http//Middle...', Array)
#10 C:/Users/danie/.gemini/antigravity-ide/scratch/documentation/Intern/vendor/laravel/framework/src/Illuminate/Foundation/Http/Kernel.php(255): Illuminate/Foundation/Application->make('App//Http//Middle...')
#11 C:/Users/danie/.gemini/antigravity-ide/scratch/documentation/Intern/vendor/laravel/framework/src/Illuminate/Foundation/Http/Kernel.php(213): Illuminate/Foundation/Http/Kernel->terminateMiddleware(Object(Illuminate/Http/Request), Object(Illuminate/Http/Response))
#12 C:/Users/danie/.gemini/antigravity-ide/scratch/documentation/Intern/public/index.php(55): Illuminate/Foundation/Http/Kernel->terminate(Object(Illuminate/Http/Request), Object(Illuminate/Http/Response))
#13 C:/Users/danie/.gemini/antigravity-ide/scratch/documentation/Intern/vendor/laravel/framework/src/Illuminate/Foundation/resources/server.php(16): require_once('C://Users//danie//...')
#14 {main}
"} 
[2026-09-29 04:23:21] local.ERROR: include(C:\Users\danie\.gemini\antigravity-ide\scratch\documentation\Intern\vendor\composer/../../app/Http/Middleware/TrustProxies.php): Failed to open stream: No such file or directory {"exception":"[object] (ErrorException(code: 0): include(C:\\Users\\danie\\.gemini\\antigravity-ide\\scratch\\documentation\\Intern\\vendor\\composer/../../app/Http/Middleware/TrustProxies.php): Failed to open stream: No such file or directory at C:/Users/danie/.gemini/antigravity-ide/scratch/documentation/Intern/vendor/composer/ClassLoader.php:576)
[stacktrace]
#0 C:/Users/danie/.gemini/antigravity-ide/scratch/documentation/Intern/vendor/laravel/framework/src/Illuminate/Foundation/Bootstrap/HandleExceptions.php(255): Illuminate/Foundation/Bootstrap/HandleExceptions->handleError(2, 'include(C://User...', 'C://Users//danie//...', 576)
#1 C:/Users/danie/.gemini/antigravity-ide/scratch/documentation/Intern/vendor/composer/ClassLoader.php(576): Illuminate/Foundation/Bootstrap/HandleExceptions->Illuminate/Foundation/Bootstrap/{closure}(2, 'include(C://User...', 'C://Users//danie//...', 576)
#2 C:/Users/danie/.gemini/antigravity-ide/scratch/documentation/Intern/vendor/composer/ClassLoader.php(576): include('C://Users//danie//...')
#3 C:/Users/danie/.gemini/antigravity-ide/scratch/documentation/Intern/vendor/composer/ClassLoader.php(427): Composer/Autoload/{closure}('C://Users//danie//...')
#4 [internal function]: Composer/Autoload/ClassLoader->loadClass('App//Http//Middle...')
#5 C:/Users/danie/.gemini/antigravity-ide/scratch/documentation/Intern/vendor/laravel/framework/src/Illuminate/Container/Container.php(912): ReflectionClass->__construct('App//Http//Middle...')
#6 C:/Users/danie/.gemini/antigravity-ide/scratch/documentation/Intern/vendor/laravel/framework/src/Illuminate/Container/Container.php(795): Illuminate/Container/Container->build('App//Http//Middle...')
#7 C:/Users/danie/.gemini/antigravity-ide/scratch/documentation/Intern/vendor/laravel/framework/src/Illuminate/Foundation/Application.php(986): Illuminate/Container/Container->resolve('App//Http//Middle...', Array, true)
#8 C:/Users/danie/.gemini/antigravity-ide/scratch/documentation/Intern/vendor/laravel/framework/src/Illuminate/Container/Container.php(731): Illuminate/Foundation/Application->resolve('App//Http//Middle...', Array)
#9 C:/Users/danie/.gemini/antigravity-ide/scratch/documentation/Intern/vendor/laravel/framework/src/Illuminate/Foundation/Application.php(971): Illuminate/Container/Container->make('App//Http//Middle...', Array)
#10 C:/Users/danie/.gemini/antigravity-ide/scratch/documentation/Intern/vendor/laravel/framework/src/Illuminate/Pipeline/Pipeline.php(172): Illuminate/Foundation/Application->make('App//Http//Middle...')
#11 C:/Users/danie/.gemini/antigravity-ide/scratch/documentation/Intern/vendor/laravel/framework/src/Illuminate/Pipeline/Pipeline.php(119): Illuminate/Pipeline/Pipeline->Illuminate/Pipeline/{closure}(Object(Illuminate/Http/Request))
#12 C:/Users/danie/.gemini/antigravity-ide/scratch/documentation/Intern/vendor/laravel/framework/src/Illuminate/Foundation/Http/Kernel.php(175): Illuminate/Pipeline/Pipeline->then(Object(Closure))
#13 C:/Users/danie/.gemini/antigravity-ide/scratch/documentation/Intern/vendor/laravel/framework/src/Illuminate/Foundation/Http/Kernel.php(144): Illuminate/Foundation/Http/Kernel->sendRequestThroughRouter(Object(Illuminate/Http/Request))
#14 C:/Users/danie/.gemini/antigravity-ide/scratch/documentation/Intern/public/index.php(51): Illuminate/Foundation/Http/Kernel->handle(Object(Illuminate/Http/Request))
#15 C:/Users/danie/.gemini/antigravity-ide/scratch/documentation/Intern/vendor/laravel/framework/src/Illuminate/Foundation/resources/server.php(16): require_once('C://Users//danie//...')
#16 {main}
"} 
[2026-09-29 04:23:21] local.ERROR: include(C:\Users\danie\.gemini\antigravity-ide\scratch\documentation\Intern\vendor\composer/../../app/Http/Middleware/TrustProxies.php): Failed to open stream: No such file or directory {"exception":"[object] (ErrorException(code: 0): include(C:\\Users\\danie\\.gemini\\antigravity-ide\\scratch\\documentation\\Intern\\vendor\\composer/../../app/Http/Middleware/TrustProxies.php): Failed to open stream: No such file or directory at C:/Users/danie/.gemini/antigravity-ide/scratch/documentation/Intern/vendor/composer/ClassLoader.php:576)
[stacktrace]
#0 C:/Users/danie/.gemini/antigravity-ide/scratch/documentation/Intern/vendor/laravel/framework/src/Illuminate/Foundation/Bootstrap/HandleExceptions.php(255): Illuminate/Foundation/Bootstrap/HandleExceptions->handleError(2, 'include(C://User...', 'C://Users//danie//...', 576)
#1 C:/Users/danie/.gemini/antigravity-ide/scratch/documentation/Intern/vendor/composer/ClassLoader.php(576): Illuminate/Foundation/Bootstrap/HandleExceptions->Illuminate/Foundation/Bootstrap/{closure}(2, 'include(C://User...', 'C://Users//danie//...', 576)
#2 C:/Users/danie/.gemini/antigravity-ide/scratch/documentation/Intern/vendor/composer/ClassLoader.php(576): include('C://Users//danie//...')
#3 C:/Users/danie/.gemini/antigravity-ide/scratch/documentation/Intern/vendor/composer/ClassLoader.php(427): Composer/Autoload/{closure}('C://Users//danie//...')
#4 [internal function]: Composer/Autoload/ClassLoader->loadClass('App//Http//Middle...')
#5 C:/Users/danie/.gemini/antigravity-ide/scratch/documentation/Intern/vendor/laravel/framework/src/Illuminate/Container/Container.php(912): ReflectionClass->__construct('App//Http//Middle...')
#6 C:/Users/danie/.gemini/antigravity-ide/scratch/documentation/Intern/vendor/laravel/framework/src/Illuminate/Container/Container.php(795): Illuminate/Container/Container->build('App//Http//Middle...')
#7 C:/Users/danie/.gemini/antigravity-ide/scratch/documentation/Intern/vendor/laravel/framework/src/Illuminate/Foundation/Application.php(986): Illuminate/Container/Container->resolve('App//Http//Middle...', Array, true)
#8 C:/Users/danie/.gemini/antigravity-ide/scratch/documentation/Intern/vendor/laravel/framework/src/Illuminate/Container/Container.php(731): Illuminate/Foundation/Application->resolve('App//Http//Middle...', Array)
#9 C:/Users/danie/.gemini/antigravity-ide/scratch/documentation/Intern/vendor/laravel/framework/src/Illuminate/Foundation/Application.php(971): Illuminate/Container/Container->make('App//Http//Middle...', Array)
#10 C:/Users/danie/.gemini/antigravity-ide/scratch/documentation/Intern/vendor/laravel/framework/src/Illuminate/Foundation/Http/Kernel.php(255): Illuminate/Foundation/Application->make('App//Http//Middle...')
#11 C:/Users/danie/.gemini/antigravity-ide/scratch/documentation/Intern/vendor/laravel/framework/src/Illuminate/Foundation/Http/Kernel.php(213): Illuminate/Foundation/Http/Kernel->terminateMiddleware(Object(Illuminate/Http/Request), Object(Illuminate/Http/Response))
#12 C:/Users/danie/.gemini/antigravity-ide/scratch/documentation/Intern/public/index.php(55): Illuminate/Foundation/Http/Kernel->terminate(Object(Illuminate/Http/Request), Object(Illuminate/Http/Response))
#13 C:/Users/danie/.gemini/antigravity-ide/scratch/documentation/Intern/vendor/laravel/framework/src/Illuminate/Foundation/resources/server.php(16): require_once('C://Users//danie//...')
#14 {main}
"} 
[2026-09-29 04:28:17] local.ERROR: include(C:\Users\danie\.gemini\antigravity-ide\scratch\documentation\Intern\vendor\composer/../../app/Http/Middleware/TrustProxies.php): Failed to open stream: No such file or directory {"exception":"[object] (ErrorException(code: 0): include(C:\\Users\\danie\\.gemini\\antigravity-ide\\scratch\\documentation\\Intern\\vendor\\composer/../../app/Http/Middleware/TrustProxies.php): Failed to open stream: No such file or directory at C:/Users/danie/.gemini/antigravity-ide/scratch/documentation/Intern/vendor/composer/ClassLoader.php:576)
[stacktrace]
#0 C:/Users/danie/.gemini/antigravity-ide/scratch/documentation/Intern/vendor/laravel/framework/src/Illuminate/Foundation/Bootstrap/HandleExceptions.php(255): Illuminate/Foundation/Bootstrap/HandleExceptions->handleError(2, 'include(C://User...', 'C://Users//danie//...', 576)
#1 C:/Users/danie/.gemini/antigravity-ide/scratch/documentation/Intern/vendor/composer/ClassLoader.php(576): Illuminate/Foundation/Bootstrap/HandleExceptions->Illuminate/Foundation/Bootstrap/{closure}(2, 'include(C://User...', 'C://Users//danie//...', 576)
#2 C:/Users/danie/.gemini/antigravity-ide/scratch/documentation/Intern/vendor/composer/ClassLoader.php(576): include('C://Users//danie//...')
#3 C:/Users/danie/.gemini/antigravity-ide/scratch/documentation/Intern/vendor/composer/ClassLoader.php(427): Composer/Autoload/{closure}('C://Users//danie//...')
#4 [internal function]: Composer/Autoload/ClassLoader->loadClass('App//Http//Middle...')
#5 C:/Users/danie/.gemini/antigravity-ide/scratch/documentation/Intern/vendor/laravel/framework/src/Illuminate/Container/Container.php(912): ReflectionClass->__construct('App//Http//Middle...')
#6 C:/Users/danie/.gemini/antigravity-ide/scratch/documentation/Intern/vendor/laravel/framework/src/Illuminate/Container/Container.php(795): Illuminate/Container/Container->build('App//Http//Middle...')
#7 C:/Users/danie/.gemini/antigravity-ide/scratch/documentation/Intern/vendor/laravel/framework/src/Illuminate/Foundation/Application.php(986): Illuminate/Container/Container->resolve('App//Http//Middle...', Array, true)
#8 C:/Users/danie/.gemini/antigravity-ide/scratch/documentation/Intern/vendor/laravel/framework/src/Illuminate/Container/Container.php(731): Illuminate/Foundation/Application->resolve('App//Http//Middle...', Array)
#9 C:/Users/danie/.gemini/antigravity-ide/scratch/documentation/Intern/vendor/laravel/framework/src/Illuminate/Foundation/Application.php(971): Illuminate/Container/Container->make('App//Http//Middle...', Array)
#10 C:/Users/danie/.gemini/antigravity-ide/scratch/documentation/Intern/vendor/laravel/framework/src/Illuminate/Pipeline/Pipeline.php(172): Illuminate/Foundation/Application->make('App//Http//Middle...')
#11 C:/Users/danie/.gemini/antigravity-ide/scratch/documentation/Intern/vendor/laravel/framework/src/Illuminate/Pipeline/Pipeline.php(119): Illuminate/Pipeline/Pipeline->Illuminate/Pipeline/{closure}(Object(Illuminate/Http/Request))
#12 C:/Users/danie/.gemini/antigravity-ide/scratch/documentation/Intern/vendor/laravel/framework/src/Illuminate/Foundation/Http/Kernel.php(175): Illuminate/Pipeline/Pipeline->then(Object(Closure))
#13 C:/Users/danie/.gemini/antigravity-ide/scratch/documentation/Intern/vendor/laravel/framework/src/Illuminate/Foundation/Http/Kernel.php(144): Illuminate/Foundation/Http/Kernel->sendRequestThroughRouter(Object(Illuminate/Http/Request))
#14 C:/Users/danie/.gemini/antigravity-ide/scratch/documentation/Intern/public/index.php(51): Illuminate/Foundation/Http/Kernel->handle(Object(Illuminate/Http/Request))
#15 C:/Users/danie/.gemini/antigravity-ide/scratch/documentation/Intern/vendor/laravel/framework/src/Illuminate/Foundation/resources/server.php(16): require_once('C://Users//danie//...')
#16 {main}
"} 
[2026-09-29 04:28:18] local.ERROR: include(C:\Users\danie\.gemini\antigravity-ide\scratch\documentation\Intern\vendor\composer/../../app/Http/Middleware/TrustProxies.php): Failed to open stream: No such file or directory {"exception":"[object] (ErrorException(code: 0): include(C:\\Users\\danie\\.gemini\\antigravity-ide\\scratch\\documentation\\Intern\\vendor\\composer/../../app/Http/Middleware/TrustProxies.php): Failed to open stream: No such file or directory at C:/Users/danie/.gemini/antigravity-ide/scratch/documentation/Intern/vendor/composer/ClassLoader.php:576)
[stacktrace]
#0 C:/Users/danie/.gemini/antigravity-ide/scratch/documentation/Intern/vendor/laravel/framework/src/Illuminate/Foundation/Bootstrap/HandleExceptions.php(255): Illuminate/Foundation/Bootstrap/HandleExceptions->handleError(2, 'include(C://User...', 'C://Users//danie//...', 576)
#1 C:/Users/danie/.gemini/antigravity-ide/scratch/documentation/Intern/vendor/composer/ClassLoader.php(576): Illuminate/Foundation/Bootstrap/HandleExceptions->Illuminate/Foundation/Bootstrap/{closure}(2, 'include(C://User...', 'C://Users//danie//...', 576)
#2 C:/Users/danie/.gemini/antigravity-ide/scratch/documentation/Intern/vendor/composer/ClassLoader.php(576): include('C://Users//danie//...')
#3 C:/Users/danie/.gemini/antigravity-ide/scratch/documentation/Intern/vendor/composer/ClassLoader.php(427): Composer/Autoload/{closure}('C://Users//danie//...')
#4 [internal function]: Composer/Autoload/ClassLoader->loadClass('App//Http//Middle...')
#5 C:/Users/danie/.gemini/antigravity-ide/scratch/documentation/Intern/vendor/laravel/framework/src/Illuminate/Container/Container.php(912): ReflectionClass->__construct('App//Http//Middle...')
#6 C:/Users/danie/.gemini/antigravity-ide/scratch/documentation/Intern/vendor/laravel/framework/src/Illuminate/Container/Container.php(795): Illuminate/Container/Container->build('App//Http//Middle...')
#7 C:/Users/danie/.gemini/antigravity-ide/scratch/documentation/Intern/vendor/laravel/framework/src/Illuminate/Foundation/Application.php(986): Illuminate/Container/Container->resolve('App//Http//Middle...', Array, true)
#8 C:/Users/danie/.gemini/antigravity-ide/scratch/documentation/Intern/vendor/laravel/framework/src/Illuminate/Container/Container.php(731): Illuminate/Foundation/Application->resolve('App//Http//Middle...', Array)
#9 C:/Users/danie/.gemini/antigravity-ide/scratch/documentation/Intern/vendor/laravel/framework/src/Illuminate/Foundation/Application.php(971): Illuminate/Container/Container->make('App//Http//Middle...', Array)
#10 C:/Users/danie/.gemini/antigravity-ide/scratch/documentation/Intern/vendor/laravel/framework/src/Illuminate/Foundation/Http/Kernel.php(255): Illuminate/Foundation/Application->make('App//Http//Middle...')
#11 C:/Users/danie/.gemini/antigravity-ide/scratch/documentation/Intern/vendor/laravel/framework/src/Illuminate/Foundation/Http/Kernel.php(213): Illuminate/Foundation/Http/Kernel->terminateMiddleware(Object(Illuminate/Http/Request), Object(Illuminate/Http/Response))
#12 C:/Users/danie/.gemini/antigravity-ide/scratch/documentation/Intern/public/index.php(55): Illuminate/Foundation/Http/Kernel->terminate(Object(Illuminate/Http/Request), Object(Illuminate/Http/Response))
#13 C:/Users/danie/.gemini/antigravity-ide/scratch/documentation/Intern/vendor/laravel/framework/src/Illuminate/Foundation/resources/server.php(16): require_once('C://Users//danie//...')
#14 {main}
"} 
[2026-09-29 04:32:32] local.ERROR: include(C:\Users\danie\.gemini\antigravity-ide\scratch\documentation\Intern\vendor\composer/../../app/Http/Controllers/Controller.php): Failed to open stream: No such file or directory {"exception":"[object] (ErrorException(code: 0): include(C:\\Users\\danie\\.gemini\\antigravity-ide\\scratch\\documentation\\Intern\\vendor\\composer/../../app/Http/Controllers/Controller.php): Failed to open stream: No such file or directory at C:/Users/danie/.gemini/antigravity-ide/scratch/documentation/Intern/vendor/composer/ClassLoader.php:576)
[stacktrace]
#0 C:/Users/danie/.gemini/antigravity-ide/scratch/documentation/Intern/vendor/laravel/framework/src/Illuminate/Foundation/Bootstrap/HandleExceptions.php(255): Illuminate/Foundation/Bootstrap/HandleExceptions->handleError(2, 'include(C://User...', 'C://Users//danie//...', 576)
#1 C:/Users/danie/.gemini/antigravity-ide/scratch/documentation/Intern/vendor/composer/ClassLoader.php(576): Illuminate/Foundation/Bootstrap/HandleExceptions->Illuminate/Foundation/Bootstrap/{closure}(2, 'include(C://User...', 'C://Users//danie//...', 576)
#2 C:/Users/danie/.gemini/antigravity-ide/scratch/documentation/Intern/vendor/composer/ClassLoader.php(576): include('C://Users//danie//...')
#3 C:/Users/danie/.gemini/antigravity-ide/scratch/documentation/Intern/vendor/composer/ClassLoader.php(427): Composer/Autoload/{closure}('C://Users//danie//...')
#4 C:/Users/danie/.gemini/antigravity-ide/scratch/documentation/Intern/app/Http/Controllers/AuthController.php(10): Composer/Autoload/ClassLoader->loadClass('App//Http//Contro...')
#5 C:/Users/danie/.gemini/antigravity-ide/scratch/documentation/Intern/vendor/composer/ClassLoader.php(576): include('C://Users//danie//...')
#6 C:/Users/danie/.gemini/antigravity-ide/scratch/documentation/Intern/vendor/composer/ClassLoader.php(427): Composer/Autoload/{closure}('C://Users//danie//...')
#7 [internal function]: Composer/Autoload/ClassLoader->loadClass('App//Http//Contro...')
#8 C:/Users/danie/.gemini/antigravity-ide/scratch/documentation/Intern/vendor/laravel/framework/src/Illuminate/Routing/Route.php(1096): is_a('App//Http//Contro...', 'Illuminate//Rout...', true)
#9 C:/Users/danie/.gemini/antigravity-ide/scratch/documentation/Intern/vendor/laravel/framework/src/Illuminate/Routing/Route.php(1035): Illuminate/Routing/Route->controllerMiddleware()
#10 C:/Users/danie/.gemini/antigravity-ide/scratch/documentation/Intern/vendor/laravel/framework/src/Illuminate/Routing/Router.php(818): Illuminate/Routing/Route->gatherMiddleware()
#11 C:/Users/danie/.gemini/antigravity-ide/scratch/documentation/Intern/vendor/laravel/framework/src/Illuminate/Routing/Router.php(800): Illuminate/Routing/Router->gatherRouteMiddleware(Object(Illuminate/Routing/Route))
#12 C:/Users/danie/.gemini/antigravity-ide/scratch/documentation/Intern/vendor/laravel/framework/src/Illuminate/Routing/Router.php(784): Illuminate/Routing/Router->runRouteWithinStack(Object(Illuminate/Routing/Route), Object(Illuminate/Http/Request))
#13 C:/Users/danie/.gemini/antigravity-ide/scratch/documentation/Intern/vendor/laravel/framework/src/Illuminate/Routing/Router.php(748): Illuminate/Routing/Router->runRoute(Object(Illuminate/Http/Request), Object(Illuminate/Routing/Route))
#14 C:/Users/danie/.gemini/antigravity-ide/scratch/documentation/Intern/vendor/laravel/framework/src/Illuminate/Routing/Router.php(737): Illuminate/Routing/Router->dispatchToRoute(Object(Illuminate/Http/Request))
#15 C:/Users/danie/.gemini/antigravity-ide/scratch/documentation/Intern/vendor/laravel/framework/src/Illuminate/Foundation/Http/Kernel.php(200): Illuminate/Routing/Router->dispatch(Object(Illuminate/Http/Request))
#16 C:/Users/danie/.gemini/antigravity-ide/scratch/documentation/Intern/vendor/laravel/framework/src/Illuminate/Pipeline/Pipeline.php(144): Illuminate/Foundation/Http/Kernel->Illuminate/Foundation/Http/{closure}(Object(Illuminate/Http/Request))
#17 C:/Users/danie/.gemini/antigravity-ide/scratch/documentation/Intern/vendor/laravel/framework/src/Illuminate/Foundation/Http/Middleware/TransformsRequest.php(21): Illuminate/Pipeline/Pipeline->Illuminate/Pipeline/{closure}(Object(Illuminate/Http/Request))
#18 C:/Users/danie/.gemini/antigravity-ide/scratch/documentation/Intern/vendor/laravel/framework/src/Illuminate/Foundation/Http/Middleware/ConvertEmptyStringsToNull.php(31): Illuminate/Foundation/Http/Middleware/TransformsRequest->handle(Object(Illuminate/Http/Request), Object(Closure))
#19 C:/Users/danie/.gemini/antigravity-ide/scratch/documentation/Intern/vendor/laravel/framework/src/Illuminate/Pipeline/Pipeline.php(183): Illuminate/Foundation/Http/Middleware/ConvertEmptyStringsToNull->handle(Object(Illuminate/Http/Request), Object(Closure))
#20 C:/Users/danie/.gemini/antigravity-ide/scratch/documentation/Intern/vendor/laravel/framework/src/Illuminate/Foundation/Http/Middleware/TransformsRequest.php(21): Illuminate/Pipeline/Pipeline->Illuminate/Pipeline/{closure}(Object(Illuminate/Http/Request))
#21 C:/Users/danie/.gemini/antigravity-ide/scratch/documentation/Intern/vendor/laravel/framework/src/Illuminate/Foundation/Http/Middleware/TrimStrings.php(40): Illuminate/Foundation/Http/Middleware/TransformsRequest->handle(Object(Illuminate/Http/Request), Object(Closure))
#22 C:/Users/danie/.gemini/antigravity-ide/scratch/documentation/Intern/vendor/laravel/framework/src/Illuminate/Pipeline/Pipeline.php(183): Illuminate/Foundation/Http/Middleware/TrimStrings->handle(Object(Illuminate/Http/Request), Object(Closure))
#23 C:/Users/danie/.gemini/antigravity-ide/scratch/documentation/Intern/vendor/laravel/framework/src/Illuminate/Foundation/Http/Middleware/ValidatePostSize.php(27): Illuminate/Pipeline/Pipeline->Illuminate/Pipeline/{closure}(Object(Illuminate/Http/Request))
#24 C:/Users/danie/.gemini/antigravity-ide/scratch/documentation/Intern/vendor/laravel/framework/src/Illuminate/Pipeline/Pipeline.php(183): Illuminate/Foundation/Http/Middleware/ValidatePostSize->handle(Object(Illuminate/Http/Request), Object(Closure))
#25 C:/Users/danie/.gemini/antigravity-ide/scratch/documentation/Intern/vendor/laravel/framework/src/Illuminate/Foundation/Http/Middleware/PreventRequestsDuringMaintenance.php(99): Illuminate/Pipeline/Pipeline->Illuminate/Pipeline/{closure}(Object(Illuminate/Http/Request))
#26 C:/Users/danie/.gemini/antigravity-ide/scratch/documentation/Intern/vendor/laravel/framework/src/Illuminate/Pipeline/Pipeline.php(183): Illuminate/Foundation/Http/Middleware/PreventRequestsDuringMaintenance->handle(Object(Illuminate/Http/Request), Object(Closure))
#27 C:/Users/danie/.gemini/antigravity-ide/scratch/documentation/Intern/vendor/laravel/framework/src/Illuminate/Http/Middleware/HandleCors.php(49): Illuminate/Pipeline/Pipeline->Illuminate/Pipeline/{closure}(Object(Illuminate/Http/Request))
#28 C:/Users/danie/.gemini/antigravity-ide/scratch/documentation/Intern/vendor/laravel/framework/src/Illuminate/Pipeline/Pipeline.php(183): Illuminate/Http/Middleware/HandleCors->handle(Object(Illuminate/Http/Request), Object(Closure))
#29 C:/Users/danie/.gemini/antigravity-ide/scratch/documentation/Intern/vendor/laravel/framework/src/Illuminate/Http/Middleware/TrustProxies.php(39): Illuminate/Pipeline/Pipeline->Illuminate/Pipeline/{closure}(Object(Illuminate/Http/Request))
#30 C:/Users/danie/.gemini/antigravity-ide/scratch/documentation/Intern/vendor/laravel/framework/src/Illuminate/Pipeline/Pipeline.php(183): Illuminate/Http/Middleware/TrustProxies->handle(Object(Illuminate/Http/Request), Object(Closure))
#31 C:/Users/danie/.gemini/antigravity-ide/scratch/documentation/Intern/vendor/laravel/framework/src/Illuminate/Pipeline/Pipeline.php(119): Illuminate/Pipeline/Pipeline->Illuminate/Pipeline/{closure}(Object(Illuminate/Http/Request))
#32 C:/Users/danie/.gemini/antigravity-ide/scratch/documentation/Intern/vendor/laravel/framework/src/Illuminate/Foundation/Http/Kernel.php(175): Illuminate/Pipeline/Pipeline->then(Object(Closure))
#33 C:/Users/danie/.gemini/antigravity-ide/scratch/documentation/Intern/vendor/laravel/framework/src/Illuminate/Foundation/Http/Kernel.php(144): Illuminate/Foundation/Http/Kernel->sendRequestThroughRouter(Object(Illuminate/Http/Request))
#34 C:/Users/danie/.gemini/antigravity-ide/scratch/documentation/Intern/public/index.php(51): Illuminate/Foundation/Http/Kernel->handle(Object(Illuminate/Http/Request))
#35 C:/Users/danie/.gemini/antigravity-ide/scratch/documentation/Intern/vendor/laravel/framework/src/Illuminate/Foundation/resources/server.php(16): require_once('C://Users//danie//...')
#36 {main}
"} 
[2026-09-29 04:34:19] local.ERROR: Please provide a valid cache path. {"exception":"[object] (InvalidArgumentException(code: 0): Please provide a valid cache path. at C:/Users/danie/.gemini/antigravity-ide/scratch/documentation/Intern/vendor/laravel/framework/src/Illuminate/View/Compilers/Compiler.php:67)
[stacktrace]
#0 C:/Users/danie/.gemini/antigravity-ide/scratch/documentation/Intern/vendor/laravel/framework/src/Illuminate/View/ViewServiceProvider.php(97): Illuminate/View/Compilers/Compiler->__construct(Object(Illuminate/Filesystem/Filesystem), false, '', true, 'php')
#1 C:/Users/danie/.gemini/antigravity-ide/scratch/documentation/Intern/vendor/laravel/framework/src/Illuminate/Container/Container.php(908): Illuminate/View/ViewServiceProvider->Illuminate/View/{closure}(Object(Illuminate/Foundation/Application), Array)
#2 C:/Users/danie/.gemini/antigravity-ide/scratch/documentation/Intern/vendor/laravel/framework/src/Illuminate/Container/Container.php(795): Illuminate/Container/Container->build(Object(Closure))
#3 C:/Users/danie/.gemini/antigravity-ide/scratch/documentation/Intern/vendor/laravel/framework/src/Illuminate/Foundation/Application.php(986): Illuminate/Container/Container->resolve('blade.compiler', Array, true)
#4 C:/Users/danie/.gemini/antigravity-ide/scratch/documentation/Intern/vendor/laravel/framework/src/Illuminate/Container/Container.php(731): Illuminate/Foundation/Application->resolve('blade.compiler', Array)
#5 C:/Users/danie/.gemini/antigravity-ide/scratch/documentation/Intern/vendor/laravel/framework/src/Illuminate/Foundation/Application.php(971): Illuminate/Container/Container->make('blade.compiler', Array)
#6 C:/Users/danie/.gemini/antigravity-ide/scratch/documentation/Intern/vendor/laravel/framework/src/Illuminate/View/ViewServiceProvider.php(168): Illuminate/Foundation/Application->make('blade.compiler')
#7 [internal function]: Illuminate/View/ViewServiceProvider->Illuminate/View/{closure}()
#8 C:/Users/danie/.gemini/antigravity-ide/scratch/documentation/Intern/vendor/laravel/framework/src/Illuminate/View/Engines/EngineResolver.php(55): call_user_func(Object(Closure))
#9 C:/Users/danie/.gemini/antigravity-ide/scratch/documentation/Intern/vendor/laravel/framework/src/Illuminate/View/Factory.php(310): Illuminate/View/Engines/EngineResolver->resolve('blade')
#10 C:/Users/danie/.gemini/antigravity-ide/scratch/documentation/Intern/vendor/laravel/framework/src/Illuminate/View/Factory.php(274): Illuminate/View/Factory->getEngineFromPath('C://Users//danie//...')
#11 C:/Users/danie/.gemini/antigravity-ide/scratch/documentation/Intern/vendor/laravel/framework/src/Illuminate/View/Factory.php(146): Illuminate/View/Factory->viewInstance('auth.login', 'C://Users//danie//...', Array)
#12 C:/Users/danie/.gemini/antigravity-ide/scratch/documentation/Intern/vendor/laravel/framework/src/Illuminate/Foundation/helpers.php(1020): Illuminate/View/Factory->make('auth.login', Array, Array)
#13 C:/Users/danie/.gemini/antigravity-ide/scratch/documentation/Intern/app/Http/Controllers/AuthController.php(17): view('auth.login')
#14 C:/Users/danie/.gemini/antigravity-ide/scratch/documentation/Intern/vendor/laravel/framework/src/Illuminate/Routing/Controller.php(54): App/Http/Controllers/AuthController->showLogin()
#15 C:/Users/danie/.gemini/antigravity-ide/scratch/documentation/Intern/vendor/laravel/framework/src/Illuminate/Routing/ControllerDispatcher.php(43): Illuminate/Routing/Controller->callAction('showLogin', Array)
#16 C:/Users/danie/.gemini/antigravity-ide/scratch/documentation/Intern/vendor/laravel/framework/src/Illuminate/Routing/Route.php(259): Illuminate/Routing/ControllerDispatcher->dispatch(Object(Illuminate/Routing/Route), Object(App/Http/Controllers/AuthController), 'showLogin')
#17 C:/Users/danie/.gemini/antigravity-ide/scratch/documentation/Intern/vendor/laravel/framework/src/Illuminate/Routing/Route.php(205): Illuminate/Routing/Route->runController()
#18 C:/Users/danie/.gemini/antigravity-ide/scratch/documentation/Intern/vendor/laravel/framework/src/Illuminate/Routing/Router.php(806): Illuminate/Routing/Route->run()
#19 C:/Users/danie/.gemini/antigravity-ide/scratch/documentation/Intern/vendor/laravel/framework/src/Illuminate/Pipeline/Pipeline.php(144): Illuminate/Routing/Router->Illuminate/Routing/{closure}(Object(Illuminate/Http/Request))
#20 C:/Users/danie/.gemini/antigravity-ide/scratch/documentation/Intern/vendor/laravel/framework/src/Illuminate/Routing/Middleware/SubstituteBindings.php(50): Illuminate/Pipeline/Pipeline->Illuminate/Pipeline/{closure}(Object(Illuminate/Http/Request))
#21 C:/Users/danie/.gemini/antigravity-ide/scratch/documentation/Intern/vendor/laravel/framework/src/Illuminate/Pipeline/Pipeline.php(183): Illuminate/Routing/Middleware/SubstituteBindings->handle(Object(Illuminate/Http/Request), Object(Closure))
#22 C:/Users/danie/.gemini/antigravity-ide/scratch/documentation/Intern/vendor/laravel/framework/src/Illuminate/Foundation/Http/Middleware/VerifyCsrfToken.php(78): Illuminate/Pipeline/Pipeline->Illuminate/Pipeline/{closure}(Object(Illuminate/Http/Request))
#23 C:/Users/danie/.gemini/antigravity-ide/scratch/documentation/Intern/vendor/laravel/framework/src/Illuminate/Pipeline/Pipeline.php(183): Illuminate/Foundation/Http/Middleware/VerifyCsrfToken->handle(Object(Illuminate/Http/Request), Object(Closure))
#24 C:/Users/danie/.gemini/antigravity-ide/scratch/documentation/Intern/vendor/laravel/framework/src/Illuminate/View/Middleware/ShareErrorsFromSession.php(49): Illuminate/Pipeline/Pipeline->Illuminate/Pipeline/{closure}(Object(Illuminate/Http/Request))
#25 C:/Users/danie/.gemini/antigravity-ide/scratch/documentation/Intern/vendor/laravel/framework/src/Illuminate/Pipeline/Pipeline.php(183): Illuminate/View/Middleware/ShareErrorsFromSession->handle(Object(Illuminate/Http/Request), Object(Closure))
#26 C:/Users/danie/.gemini/antigravity-ide/scratch/documentation/Intern/vendor/laravel/framework/src/Illuminate/Session/Middleware/StartSession.php(121): Illuminate/Pipeline/Pipeline->Illuminate/Pipeline/{closure}(Object(Illuminate/Http/Request))
#27 C:/Users/danie/.gemini/antigravity-ide/scratch/documentation/Intern/vendor/laravel/framework/src/Illuminate/Session/Middleware/StartSession.php(64): Illuminate/Session/Middleware/StartSession->handleStatefulRequest(Object(Illuminate/Http/Request), Object(Illuminate/Session/Store), Object(Closure))
#28 C:/Users/danie/.gemini/antigravity-ide/scratch/documentation/Intern/vendor/laravel/framework/src/Illuminate/Pipeline/Pipeline.php(183): Illuminate/Session/Middleware/StartSession->handle(Object(Illuminate/Http/Request), Object(Closure))
#29 C:/Users/danie/.gemini/antigravity-ide/scratch/documentation/Intern/vendor/laravel/framework/src/Illuminate/Cookie/Middleware/AddQueuedCookiesToResponse.php(37): Illuminate/Pipeline/Pipeline->Illuminate/Pipeline/{closure}(Object(Illuminate/Http/Request))
#30 C:/Users/danie/.gemini/antigravity-ide/scratch/documentation/Intern/vendor/laravel/framework/src/Illuminate/Pipeline/Pipeline.php(183): Illuminate/Cookie/Middleware/AddQueuedCookiesToResponse->handle(Object(Illuminate/Http/Request), Object(Closure))
#31 C:/Users/danie/.gemini/antigravity-ide/scratch/documentation/Intern/vendor/laravel/framework/src/Illuminate/Cookie/Middleware/EncryptCookies.php(67): Illuminate/Pipeline/Pipeline->Illuminate/Pipeline/{closure}(Object(Illuminate/Http/Request))
#32 C:/Users/danie/.gemini/antigravity-ide/scratch/documentation/Intern/vendor/laravel/framework/src/Illuminate/Pipeline/Pipeline.php(183): Illuminate/Cookie/Middleware/EncryptCookies->handle(Object(Illuminate/Http/Request), Object(Closure))
#33 C:/Users/danie/.gemini/antigravity-ide/scratch/documentation/Intern/vendor/laravel/framework/src/Illuminate/Pipeline/Pipeline.php(119): Illuminate/Pipeline/Pipeline->Illuminate/Pipeline/{closure}(Object(Illuminate/Http/Request))
#34 C:/Users/danie/.gemini/antigravity-ide/scratch/documentation/Intern/vendor/laravel/framework/src/Illuminate/Routing/Router.php(805): Illuminate/Pipeline/Pipeline->then(Object(Closure))
#35 C:/Users/danie/.gemini/antigravity-ide/scratch/documentation/Intern/vendor/laravel/framework/src/Illuminate/Routing/Router.php(784): Illuminate/Routing/Router->runRouteWithinStack(Object(Illuminate/Routing/Route), Object(Illuminate/Http/Request))
#36 C:/Users/danie/.gemini/antigravity-ide/scratch/documentation/Intern/vendor/laravel/framework/src/Illuminate/Routing/Router.php(748): Illuminate/Routing/Router->runRoute(Object(Illuminate/Http/Request), Object(Illuminate/Routing/Route))
#37 C:/Users/danie/.gemini/antigravity-ide/scratch/documentation/Intern/vendor/laravel/framework/src/Illuminate/Routing/Router.php(737): Illuminate/Routing/Router->dispatchToRoute(Object(Illuminate/Http/Request))
#38 C:/Users/danie/.gemini/antigravity-ide/scratch/documentation/Intern/vendor/laravel/framework/src/Illuminate/Foundation/Http/Kernel.php(200): Illuminate/Routing/Router->dispatch(Object(Illuminate/Http/Request))
#39 C:/Users/danie/.gemini/antigravity-ide/scratch/documentation/Intern/vendor/laravel/framework/src/Illuminate/Pipeline/Pipeline.php(144): Illuminate/Foundation/Http/Kernel->Illuminate/Foundation/Http/{closure}(Object(Illuminate/Http/Request))
#40 C:/Users/danie/.gemini/antigravity-ide/scratch/documentation/Intern/vendor/laravel/framework/src/Illuminate/Foundation/Http/Middleware/TransformsRequest.php(21): Illuminate/Pipeline/Pipeline->Illuminate/Pipeline/{closure}(Object(Illuminate/Http/Request))
#41 C:/Users/danie/.gemini/antigravity-ide/scratch/documentation/Intern/vendor/laravel/framework/src/Illuminate/Foundation/Http/Middleware/ConvertEmptyStringsToNull.php(31): Illuminate/Foundation/Http/Middleware/TransformsRequest->handle(Object(Illuminate/Http/Request), Object(Closure))
#42 C:/Users/danie/.gemini/antigravity-ide/scratch/documentation/Intern/vendor/laravel/framework/src/Illuminate/Pipeline/Pipeline.php(183): Illuminate/Foundation/Http/Middleware/ConvertEmptyStringsToNull->handle(Object(Illuminate/Http/Request), Object(Closure))
#43 C:/Users/danie/.gemini/antigravity-ide/scratch/documentation/Intern/vendor/laravel/framework/src/Illuminate/Foundation/Http/Middleware/TransformsRequest.php(21): Illuminate/Pipeline/Pipeline->Illuminate/Pipeline/{closure}(Object(Illuminate/Http/Request))
#44 C:/Users/danie/.gemini/antigravity-ide/scratch/documentation/Intern/vendor/laravel/framework/src/Illuminate/Foundation/Http/Middleware/TrimStrings.php(40): Illuminate/Foundation/Http/Middleware/TransformsRequest->handle(Object(Illuminate/Http/Request), Object(Closure))
#45 C:/Users/danie/.gemini/antigravity-ide/scratch/documentation/Intern/vendor/laravel/framework/src/Illuminate/Pipeline/Pipeline.php(183): Illuminate/Foundation/Http/Middleware/TrimStrings->handle(Object(Illuminate/Http/Request), Object(Closure))
#46 C:/Users/danie/.gemini/antigravity-ide/scratch/documentation/Intern/vendor/laravel/framework/src/Illuminate/Foundation/Http/Middleware/ValidatePostSize.php(27): Illuminate/Pipeline/Pipeline->Illuminate/Pipeline/{closure}(Object(Illuminate/Http/Request))
#47 C:/Users/danie/.gemini/antigravity-ide/scratch/documentation/Intern/vendor/laravel/framework/src/Illuminate/Pipeline/Pipeline.php(183): Illuminate/Foundation/Http/Middleware/ValidatePostSize->handle(Object(Illuminate/Http/Request), Object(Closure))
#48 C:/Users/danie/.gemini/antigravity-ide/scratch/documentation/Intern/vendor/laravel/framework/src/Illuminate/Foundation/Http/Middleware/PreventRequestsDuringMaintenance.php(99): Illuminate/Pipeline/Pipeline->Illuminate/Pipeline/{closure}(Object(Illuminate/Http/Request))
#49 C:/Users/danie/.gemini/antigravity-ide/scratch/documentation/Intern/vendor/laravel/framework/src/Illuminate/Pipeline/Pipeline.php(183): Illuminate/Foundation/Http/Middleware/PreventRequestsDuringMaintenance->handle(Object(Illuminate/Http/Request), Object(Closure))
#50 C:/Users/danie/.gemini/antigravity-ide/scratch/documentation/Intern/vendor/laravel/framework/src/Illuminate/Http/Middleware/HandleCors.php(49): Illuminate/Pipeline/Pipeline->Illuminate/Pipeline/{closure}(Object(Illuminate/Http/Request))
#51 C:/Users/danie/.gemini/antigravity-ide/scratch/documentation/Intern/vendor/laravel/framework/src/Illuminate/Pipeline/Pipeline.php(183): Illuminate/Http/Middleware/HandleCors->handle(Object(Illuminate/Http/Request), Object(Closure))
#52 C:/Users/danie/.gemini/antigravity-ide/scratch/documentation/Intern/vendor/laravel/framework/src/Illuminate/Http/Middleware/TrustProxies.php(39): Illuminate/Pipeline/Pipeline->Illuminate/Pipeline/{closure}(Object(Illuminate/Http/Request))
#53 C:/Users/danie/.gemini/antigravity-ide/scratch/documentation/Intern/vendor/laravel/framework/src/Illuminate/Pipeline/Pipeline.php(183): Illuminate/Http/Middleware/TrustProxies->handle(Object(Illuminate/Http/Request), Object(Closure))
#54 C:/Users/danie/.gemini/antigravity-ide/scratch/documentation/Intern/vendor/laravel/framework/src/Illuminate/Pipeline/Pipeline.php(119): Illuminate/Pipeline/Pipeline->Illuminate/Pipeline/{closure}(Object(Illuminate/Http/Request))
#55 C:/Users/danie/.gemini/antigravity-ide/scratch/documentation/Intern/vendor/laravel/framework/src/Illuminate/Foundation/Http/Kernel.php(175): Illuminate/Pipeline/Pipeline->then(Object(Closure))
#56 C:/Users/danie/.gemini/antigravity-ide/scratch/documentation/Intern/vendor/laravel/framework/src/Illuminate/Foundation/Http/Kernel.php(144): Illuminate/Foundation/Http/Kernel->sendRequestThroughRouter(Object(Illuminate/Http/Request))
#57 C:/Users/danie/.gemini/antigravity-ide/scratch/documentation/Intern/public/index.php(51): Illuminate/Foundation/Http/Kernel->handle(Object(Illuminate/Http/Request))
#58 C:/Users/danie/.gemini/antigravity-ide/scratch/documentation/Intern/vendor/laravel/framework/src/Illuminate/Foundation/resources/server.php(16): require_once('C://Users//danie//...')
#59 {main}
"} 
[2026-09-29 04:34:20] local.ERROR: file_put_contents(C:\Users\danie\.gemini\antigravity-ide\scratch\documentation\Intern\storage\framework/sessions/zwjtqZDsqu0aDtnT5llopCRiC3n55XQE3jFsg5Qm): Failed to open stream: No such file or directory {"exception":"[object] (ErrorException(code: 0): file_put_contents(C:\\Users\\danie\\.gemini\\antigravity-ide\\scratch\\documentation\\Intern\\storage\\framework/sessions/zwjtqZDsqu0aDtnT5llopCRiC3n55XQE3jFsg5Qm): Failed to open stream: No such file or directory at C:/Users/danie/.gemini/antigravity-ide/scratch/documentation/Intern/vendor/laravel/framework/src/Illuminate/Filesystem/Filesystem.php:204)
[stacktrace]
#0 C:/Users/danie/.gemini/antigravity-ide/scratch/documentation/Intern/vendor/laravel/framework/src/Illuminate/Foundation/Bootstrap/HandleExceptions.php(255): Illuminate/Foundation/Bootstrap/HandleExceptions->handleError(2, 'file_put_conten...', 'C://Users//danie//...', 204)
#1 [internal function]: Illuminate/Foundation/Bootstrap/HandleExceptions->Illuminate/Foundation/Bootstrap/{closure}(2, 'file_put_conten...', 'C://Users//danie//...', 204)
#2 C:/Users/danie/.gemini/antigravity-ide/scratch/documentation/Intern/vendor/laravel/framework/src/Illuminate/Filesystem/Filesystem.php(204): file_put_contents('C://Users//danie//...', 'a:3:{s:6:\"_toke...', 2)
#3 C:/Users/danie/.gemini/antigravity-ide/scratch/documentation/Intern/vendor/laravel/framework/src/Illuminate/Session/FileSessionHandler.php(90): Illuminate/Filesystem/Filesystem->put('C://Users//danie//...', 'a:3:{s:6:\"_toke...', true)
#4 C:/Users/danie/.gemini/antigravity-ide/scratch/documentation/Intern/vendor/laravel/framework/src/Illuminate/Session/Store.php(179): Illuminate/Session/FileSessionHandler->write('zwjtqZDsqu0aDtn...', 'a:3:{s:6:\"_toke...')
#5 C:/Users/danie/.gemini/antigravity-ide/scratch/documentation/Intern/vendor/laravel/framework/src/Illuminate/Session/Middleware/StartSession.php(245): Illuminate/Session/Store->save()
#6 C:/Users/danie/.gemini/antigravity-ide/scratch/documentation/Intern/vendor/laravel/framework/src/Illuminate/Session/Middleware/StartSession.php(130): Illuminate/Session/Middleware/StartSession->saveSession(Object(Illuminate/Http/Request))
#7 C:/Users/danie/.gemini/antigravity-ide/scratch/documentation/Intern/vendor/laravel/framework/src/Illuminate/Session/Middleware/StartSession.php(64): Illuminate/Session/Middleware/StartSession->handleStatefulRequest(Object(Illuminate/Http/Request), Object(Illuminate/Session/Store), Object(Closure))
#8 C:/Users/danie/.gemini/antigravity-ide/scratch/documentation/Intern/vendor/laravel/framework/src/Illuminate/Pipeline/Pipeline.php(183): Illuminate/Session/Middleware/StartSession->handle(Object(Illuminate/Http/Request), Object(Closure))
#9 C:/Users/danie/.gemini/antigravity-ide/scratch/documentation/Intern/vendor/laravel/framework/src/Illuminate/Cookie/Middleware/AddQueuedCookiesToResponse.php(37): Illuminate/Pipeline/Pipeline->Illuminate/Pipeline/{closure}(Object(Illuminate/Http/Request))
#10 C:/Users/danie/.gemini/antigravity-ide/scratch/documentation/Intern/vendor/laravel/framework/src/Illuminate/Pipeline/Pipeline.php(183): Illuminate/Cookie/Middleware/AddQueuedCookiesToResponse->handle(Object(Illuminate/Http/Request), Object(Closure))
#11 C:/Users/danie/.gemini/antigravity-ide/scratch/documentation/Intern/vendor/laravel/framework/src/Illuminate/Cookie/Middleware/EncryptCookies.php(67): Illuminate/Pipeline/Pipeline->Illuminate/Pipeline/{closure}(Object(Illuminate/Http/Request))
#12 C:/Users/danie/.gemini/antigravity-ide/scratch/documentation/Intern/vendor/laravel/framework/src/Illuminate/Pipeline/Pipeline.php(183): Illuminate/Cookie/Middleware/EncryptCookies->handle(Object(Illuminate/Http/Request), Object(Closure))
#13 C:/Users/danie/.gemini/antigravity-ide/scratch/documentation/Intern/vendor/laravel/framework/src/Illuminate/Pipeline/Pipeline.php(119): Illuminate/Pipeline/Pipeline->Illuminate/Pipeline/{closure}(Object(Illuminate/Http/Request))
#14 C:/Users/danie/.gemini/antigravity-ide/scratch/documentation/Intern/vendor/laravel/framework/src/Illuminate/Routing/Router.php(805): Illuminate/Pipeline/Pipeline->then(Object(Closure))
#15 C:/Users/danie/.gemini/antigravity-ide/scratch/documentation/Intern/vendor/laravel/framework/src/Illuminate/Routing/Router.php(784): Illuminate/Routing/Router->runRouteWithinStack(Object(Illuminate/Routing/Route), Object(Illuminate/Http/Request))
#16 C:/Users/danie/.gemini/antigravity-ide/scratch/documentation/Intern/vendor/laravel/framework/src/Illuminate/Routing/Router.php(748): Illuminate/Routing/Router->runRoute(Object(Illuminate/Http/Request), Object(Illuminate/Routing/Route))
#17 C:/Users/danie/.gemini/antigravity-ide/scratch/documentation/Intern/vendor/laravel/framework/src/Illuminate/Routing/Router.php(737): Illuminate/Routing/Router->dispatchToRoute(Object(Illuminate/Http/Request))
#18 C:/Users/danie/.gemini/antigravity-ide/scratch/documentation/Intern/vendor/laravel/framework/src/Illuminate/Foundation/Http/Kernel.php(200): Illuminate/Routing/Router->dispatch(Object(Illuminate/Http/Request))
#19 C:/Users/danie/.gemini/antigravity-ide/scratch/documentation/Intern/vendor/laravel/framework/src/Illuminate/Pipeline/Pipeline.php(144): Illuminate/Foundation/Http/Kernel->Illuminate/Foundation/Http/{closure}(Object(Illuminate/Http/Request))
#20 C:/Users/danie/.gemini/antigravity-ide/scratch/documentation/Intern/vendor/laravel/framework/src/Illuminate/Foundation/Http/Middleware/TransformsRequest.php(21): Illuminate/Pipeline/Pipeline->Illuminate/Pipeline/{closure}(Object(Illuminate/Http/Request))
#21 C:/Users/danie/.gemini/antigravity-ide/scratch/documentation/Intern/vendor/laravel/framework/src/Illuminate/Foundation/Http/Middleware/ConvertEmptyStringsToNull.php(31): Illuminate/Foundation/Http/Middleware/TransformsRequest->handle(Object(Illuminate/Http/Request), Object(Closure))
#22 C:/Users/danie/.gemini/antigravity-ide/scratch/documentation/Intern/vendor/laravel/framework/src/Illuminate/Pipeline/Pipeline.php(183): Illuminate/Foundation/Http/Middleware/ConvertEmptyStringsToNull->handle(Object(Illuminate/Http/Request), Object(Closure))
#23 C:/Users/danie/.gemini/antigravity-ide/scratch/documentation/Intern/vendor/laravel/framework/src/Illuminate/Foundation/Http/Middleware/TransformsRequest.php(21): Illuminate/Pipeline/Pipeline->Illuminate/Pipeline/{closure}(Object(Illuminate/Http/Request))
#24 C:/Users/danie/.gemini/antigravity-ide/scratch/documentation/Intern/vendor/laravel/framework/src/Illuminate/Foundation/Http/Middleware/TrimStrings.php(40): Illuminate/Foundation/Http/Middleware/TransformsRequest->handle(Object(Illuminate/Http/Request), Object(Closure))
#25 C:/Users/danie/.gemini/antigravity-ide/scratch/documentation/Intern/vendor/laravel/framework/src/Illuminate/Pipeline/Pipeline.php(183): Illuminate/Foundation/Http/Middleware/TrimStrings->handle(Object(Illuminate/Http/Request), Object(Closure))
#26 C:/Users/danie/.gemini/antigravity-ide/scratch/documentation/Intern/vendor/laravel/framework/src/Illuminate/Foundation/Http/Middleware/ValidatePostSize.php(27): Illuminate/Pipeline/Pipeline->Illuminate/Pipeline/{closure}(Object(Illuminate/Http/Request))
#27 C:/Users/danie/.gemini/antigravity-ide/scratch/documentation/Intern/vendor/laravel/framework/src/Illuminate/Pipeline/Pipeline.php(183): Illuminate/Foundation/Http/Middleware/ValidatePostSize->handle(Object(Illuminate/Http/Request), Object(Closure))
#28 C:/Users/danie/.gemini/antigravity-ide/scratch/documentation/Intern/vendor/laravel/framework/src/Illuminate/Foundation/Http/Middleware/PreventRequestsDuringMaintenance.php(99): Illuminate/Pipeline/Pipeline->Illuminate/Pipeline/{closure}(Object(Illuminate/Http/Request))
#29 C:/Users/danie/.gemini/antigravity-ide/scratch/documentation/Intern/vendor/laravel/framework/src/Illuminate/Pipeline/Pipeline.php(183): Illuminate/Foundation/Http/Middleware/PreventRequestsDuringMaintenance->handle(Object(Illuminate/Http/Request), Object(Closure))
#30 C:/Users/danie/.gemini/antigravity-ide/scratch/documentation/Intern/vendor/laravel/framework/src/Illuminate/Http/Middleware/HandleCors.php(49): Illuminate/Pipeline/Pipeline->Illuminate/Pipeline/{closure}(Object(Illuminate/Http/Request))
#31 C:/Users/danie/.gemini/antigravity-ide/scratch/documentation/Intern/vendor/laravel/framework/src/Illuminate/Pipeline/Pipeline.php(183): Illuminate/Http/Middleware/HandleCors->handle(Object(Illuminate/Http/Request), Object(Closure))
#32 C:/Users/danie/.gemini/antigravity-ide/scratch/documentation/Intern/vendor/laravel/framework/src/Illuminate/Http/Middleware/TrustProxies.php(39): Illuminate/Pipeline/Pipeline->Illuminate/Pipeline/{closure}(Object(Illuminate/Http/Request))
#33 C:/Users/danie/.gemini/antigravity-ide/scratch/documentation/Intern/vendor/laravel/framework/src/Illuminate/Pipeline/Pipeline.php(183): Illuminate/Http/Middleware/TrustProxies->handle(Object(Illuminate/Http/Request), Object(Closure))
#34 C:/Users/danie/.gemini/antigravity-ide/scratch/documentation/Intern/vendor/laravel/framework/src/Illuminate/Pipeline/Pipeline.php(119): Illuminate/Pipeline/Pipeline->Illuminate/Pipeline/{closure}(Object(Illuminate/Http/Request))
#35 C:/Users/danie/.gemini/antigravity-ide/scratch/documentation/Intern/vendor/laravel/framework/src/Illuminate/Foundation/Http/Kernel.php(175): Illuminate/Pipeline/Pipeline->then(Object(Closure))
#36 C:/Users/danie/.gemini/antigravity-ide/scratch/documentation/Intern/vendor/laravel/framework/src/Illuminate/Foundation/Http/Kernel.php(144): Illuminate/Foundation/Http/Kernel->sendRequestThroughRouter(Object(Illuminate/Http/Request))
#37 C:/Users/danie/.gemini/antigravity-ide/scratch/documentation/Intern/public/index.php(51): Illuminate/Foundation/Http/Kernel->handle(Object(Illuminate/Http/Request))
#38 C:/Users/danie/.gemini/antigravity-ide/scratch/documentation/Intern/vendor/laravel/framework/src/Illuminate/Foundation/resources/server.php(16): require_once('C://Users//danie//...')
#39 {main}
"} 
[2026-09-29 06:10:03] local.ERROR: View [voice-ports.index] not found. {"userId":1,"exception":"[object] (InvalidArgumentException(code: 0): View [voice-ports.index] not found. at C:/Users/danie/.gemini/antigravity-ide/scratch/documentation/Intern/vendor/laravel/framework/src/Illuminate/View/FileViewFinder.php:137)
[stacktrace]
#0 C:/Users/danie/.gemini/antigravity-ide/scratch/documentation/Intern/vendor/laravel/framework/src/Illuminate/View/FileViewFinder.php(79): Illuminate/View/FileViewFinder->findInPaths('voice-ports.ind...', Array)
#1 C:/Users/danie/.gemini/antigravity-ide/scratch/documentation/Intern/vendor/laravel/framework/src/Illuminate/View/Factory.php(137): Illuminate/View/FileViewFinder->find('voice-ports.ind...')
#2 C:/Users/danie/.gemini/antigravity-ide/scratch/documentation/Intern/vendor/laravel/framework/src/Illuminate/Foundation/helpers.php(1020): Illuminate/View/Factory->make('voice-ports.ind...', Array, Array)
#3 C:/Users/danie/.gemini/antigravity-ide/scratch/documentation/Intern/app/Http/Controllers/VoicePortController.php(53): view('voice-ports.ind...', Array)
#4 C:/Users/danie/.gemini/antigravity-ide/scratch/documentation/Intern/vendor/laravel/framework/src/Illuminate/Routing/Controller.php(54): App/Http/Controllers/VoicePortController->index(Object(Illuminate/Http/Request))
#5 C:/Users/danie/.gemini/antigravity-ide/scratch/documentation/Intern/vendor/laravel/framework/src/Illuminate/Routing/ControllerDispatcher.php(43): Illuminate/Routing/Controller->callAction('index', Array)
#6 C:/Users/danie/.gemini/antigravity-ide/scratch/documentation/Intern/vendor/laravel/framework/src/Illuminate/Routing/Route.php(259): Illuminate/Routing/ControllerDispatcher->dispatch(Object(Illuminate/Routing/Route), Object(App/Http/Controllers/VoicePortController), 'index')
#7 C:/Users/danie/.gemini/antigravity-ide/scratch/documentation/Intern/vendor/laravel/framework/src/Illuminate/Routing/Route.php(205): Illuminate/Routing/Route->runController()
#8 C:/Users/danie/.gemini/antigravity-ide/scratch/documentation/Intern/vendor/laravel/framework/src/Illuminate/Routing/Router.php(806): Illuminate/Routing/Route->run()
#9 C:/Users/danie/.gemini/antigravity-ide/scratch/documentation/Intern/vendor/laravel/framework/src/Illuminate/Pipeline/Pipeline.php(144): Illuminate/Routing/Router->Illuminate/Routing/{closure}(Object(Illuminate/Http/Request))
#10 C:/Users/danie/.gemini/antigravity-ide/scratch/documentation/Intern/vendor/laravel/framework/src/Illuminate/Routing/Middleware/SubstituteBindings.php(50): Illuminate/Pipeline/Pipeline->Illuminate/Pipeline/{closure}(Object(Illuminate/Http/Request))
#11 C:/Users/danie/.gemini/antigravity-ide/scratch/documentation/Intern/vendor/laravel/framework/src/Illuminate/Pipeline/Pipeline.php(183): Illuminate/Routing/Middleware/SubstituteBindings->handle(Object(Illuminate/Http/Request), Object(Closure))
#12 C:/Users/danie/.gemini/antigravity-ide/scratch/documentation/Intern/vendor/laravel/framework/src/Illuminate/Auth/Middleware/Authenticate.php(57): Illuminate/Pipeline/Pipeline->Illuminate/Pipeline/{closure}(Object(Illuminate/Http/Request))
#13 C:/Users/danie/.gemini/antigravity-ide/scratch/documentation/Intern/vendor/laravel/framework/src/Illuminate/Pipeline/Pipeline.php(183): Illuminate/Auth/Middleware/Authenticate->handle(Object(Illuminate/Http/Request), Object(Closure))
#14 C:/Users/danie/.gemini/antigravity-ide/scratch/documentation/Intern/vendor/laravel/framework/src/Illuminate/Foundation/Http/Middleware/VerifyCsrfToken.php(78): Illuminate/Pipeline/Pipeline->Illuminate/Pipeline/{closure}(Object(Illuminate/Http/Request))
#15 C:/Users/danie/.gemini/antigravity-ide/scratch/documentation/Intern/vendor/laravel/framework/src/Illuminate/Pipeline/Pipeline.php(183): Illuminate/Foundation/Http/Middleware/VerifyCsrfToken->handle(Object(Illuminate/Http/Request), Object(Closure))
#16 C:/Users/danie/.gemini/antigravity-ide/scratch/documentation/Intern/vendor/laravel/framework/src/Illuminate/View/Middleware/ShareErrorsFromSession.php(49): Illuminate/Pipeline/Pipeline->Illuminate/Pipeline/{closure}(Object(Illuminate/Http/Request))
#17 C:/Users/danie/.gemini/antigravity-ide/scratch/documentation/Intern/vendor/laravel/framework/src/Illuminate/Pipeline/Pipeline.php(183): Illuminate/View/Middleware/ShareErrorsFromSession->handle(Object(Illuminate/Http/Request), Object(Closure))
#18 C:/Users/danie/.gemini/antigravity-ide/scratch/documentation/Intern/vendor/laravel/framework/src/Illuminate/Session/Middleware/StartSession.php(121): Illuminate/Pipeline/Pipeline->Illuminate/Pipeline/{closure}(Object(Illuminate/Http/Request))
#19 C:/Users/danie/.gemini/antigravity-ide/scratch/documentation/Intern/vendor/laravel/framework/src/Illuminate/Session/Middleware/StartSession.php(64): Illuminate/Session/Middleware/StartSession->handleStatefulRequest(Object(Illuminate/Http/Request), Object(Illuminate/Session/Store), Object(Closure))
#20 C:/Users/danie/.gemini/antigravity-ide/scratch/documentation/Intern/vendor/laravel/framework/src/Illuminate/Pipeline/Pipeline.php(183): Illuminate/Session/Middleware/StartSession->handle(Object(Illuminate/Http/Request), Object(Closure))
#21 C:/Users/danie/.gemini/antigravity-ide/scratch/documentation/Intern/vendor/laravel/framework/src/Illuminate/Cookie/Middleware/AddQueuedCookiesToResponse.php(37): Illuminate/Pipeline/Pipeline->Illuminate/Pipeline/{closure}(Object(Illuminate/Http/Request))
#22 C:/Users/danie/.gemini/antigravity-ide/scratch/documentation/Intern/vendor/laravel/framework/src/Illuminate/Pipeline/Pipeline.php(183): Illuminate/Cookie/Middleware/AddQueuedCookiesToResponse->handle(Object(Illuminate/Http/Request), Object(Closure))
#23 C:/Users/danie/.gemini/antigravity-ide/scratch/documentation/Intern/vendor/laravel/framework/src/Illuminate/Cookie/Middleware/EncryptCookies.php(67): Illuminate/Pipeline/Pipeline->Illuminate/Pipeline/{closure}(Object(Illuminate/Http/Request))
#24 C:/Users/danie/.gemini/antigravity-ide/scratch/documentation/Intern/vendor/laravel/framework/src/Illuminate/Pipeline/Pipeline.php(183): Illuminate/Cookie/Middleware/EncryptCookies->handle(Object(Illuminate/Http/Request), Object(Closure))
#25 C:/Users/danie/.gemini/antigravity-ide/scratch/documentation/Intern/vendor/laravel/framework/src/Illuminate/Pipeline/Pipeline.php(119): Illuminate/Pipeline/Pipeline->Illuminate/Pipeline/{closure}(Object(Illuminate/Http/Request))
#26 C:/Users/danie/.gemini/antigravity-ide/scratch/documentation/Intern/vendor/laravel/framework/src/Illuminate/Routing/Router.php(805): Illuminate/Pipeline/Pipeline->then(Object(Closure))
#27 C:/Users/danie/.gemini/antigravity-ide/scratch/documentation/Intern/vendor/laravel/framework/src/Illuminate/Routing/Router.php(784): Illuminate/Routing/Router->runRouteWithinStack(Object(Illuminate/Routing/Route), Object(Illuminate/Http/Request))
#28 C:/Users/danie/.gemini/antigravity-ide/scratch/documentation/Intern/vendor/laravel/framework/src/Illuminate/Routing/Router.php(748): Illuminate/Routing/Router->runRoute(Object(Illuminate/Http/Request), Object(Illuminate/Routing/Route))
#29 C:/Users/danie/.gemini/antigravity-ide/scratch/documentation/Intern/vendor/laravel/framework/src/Illuminate/Routing/Router.php(737): Illuminate/Routing/Router->dispatchToRoute(Object(Illuminate/Http/Request))
#30 C:/Users/danie/.gemini/antigravity-ide/scratch/documentation/Intern/vendor/laravel/framework/src/Illuminate/Foundation/Http/Kernel.php(200): Illuminate/Routing/Router->dispatch(Object(Illuminate/Http/Request))
#31 C:/Users/danie/.gemini/antigravity-ide/scratch/documentation/Intern/vendor/laravel/framework/src/Illuminate/Pipeline/Pipeline.php(144): Illuminate/Foundation/Http/Kernel->Illuminate/Foundation/Http/{closure}(Object(Illuminate/Http/Request))
#32 C:/Users/danie/.gemini/antigravity-ide/scratch/documentation/Intern/vendor/laravel/framework/src/Illuminate/Foundation/Http/Middleware/TransformsRequest.php(21): Illuminate/Pipeline/Pipeline->Illuminate/Pipeline/{closure}(Object(Illuminate/Http/Request))
#33 C:/Users/danie/.gemini/antigravity-ide/scratch/documentation/Intern/vendor/laravel/framework/src/Illuminate/Foundation/Http/Middleware/ConvertEmptyStringsToNull.php(31): Illuminate/Foundation/Http/Middleware/TransformsRequest->handle(Object(Illuminate/Http/Request), Object(Closure))
#34 C:/Users/danie/.gemini/antigravity-ide/scratch/documentation/Intern/vendor/laravel/framework/src/Illuminate/Pipeline/Pipeline.php(183): Illuminate/Foundation/Http/Middleware/ConvertEmptyStringsToNull->handle(Object(Illuminate/Http/Request), Object(Closure))
#35 C:/Users/danie/.gemini/antigravity-ide/scratch/documentation/Intern/vendor/laravel/framework/src/Illuminate/Foundation/Http/Middleware/TransformsRequest.php(21): Illuminate/Pipeline/Pipeline->Illuminate/Pipeline/{closure}(Object(Illuminate/Http/Request))
#36 C:/Users/danie/.gemini/antigravity-ide/scratch/documentation/Intern/vendor/laravel/framework/src/Illuminate/Foundation/Http/Middleware/TrimStrings.php(40): Illuminate/Foundation/Http/Middleware/TransformsRequest->handle(Object(Illuminate/Http/Request), Object(Closure))
#37 C:/Users/danie/.gemini/antigravity-ide/scratch/documentation/Intern/vendor/laravel/framework/src/Illuminate/Pipeline/Pipeline.php(183): Illuminate/Foundation/Http/Middleware/TrimStrings->handle(Object(Illuminate/Http/Request), Object(Closure))
#38 C:/Users/danie/.gemini/antigravity-ide/scratch/documentation/Intern/vendor/laravel/framework/src/Illuminate/Foundation/Http/Middleware/ValidatePostSize.php(27): Illuminate/Pipeline/Pipeline->Illuminate/Pipeline/{closure}(Object(Illuminate/Http/Request))
#39 C:/Users/danie/.gemini/antigravity-ide/scratch/documentation/Intern/vendor/laravel/framework/src/Illuminate/Pipeline/Pipeline.php(183): Illuminate/Foundation/Http/Middleware/ValidatePostSize->handle(Object(Illuminate/Http/Request), Object(Closure))
#40 C:/Users/danie/.gemini/antigravity-ide/scratch/documentation/Intern/vendor/laravel/framework/src/Illuminate/Foundation/Http/Middleware/PreventRequestsDuringMaintenance.php(99): Illuminate/Pipeline/Pipeline->Illuminate/Pipeline/{closure}(Object(Illuminate/Http/Request))
#41 C:/Users/danie/.gemini/antigravity-ide/scratch/documentation/Intern/vendor/laravel/framework/src/Illuminate/Pipeline/Pipeline.php(183): Illuminate/Foundation/Http/Middleware/PreventRequestsDuringMaintenance->handle(Object(Illuminate/Http/Request), Object(Closure))
#42 C:/Users/danie/.gemini/antigravity-ide/scratch/documentation/Intern/vendor/laravel/framework/src/Illuminate/Http/Middleware/HandleCors.php(49): Illuminate/Pipeline/Pipeline->Illuminate/Pipeline/{closure}(Object(Illuminate/Http/Request))
#43 C:/Users/danie/.gemini/antigravity-ide/scratch/documentation/Intern/vendor/laravel/framework/src/Illuminate/Pipeline/Pipeline.php(183): Illuminate/Http/Middleware/HandleCors->handle(Object(Illuminate/Http/Request), Object(Closure))
#44 C:/Users/danie/.gemini/antigravity-ide/scratch/documentation/Intern/vendor/laravel/framework/src/Illuminate/Http/Middleware/TrustProxies.php(39): Illuminate/Pipeline/Pipeline->Illuminate/Pipeline/{closure}(Object(Illuminate/Http/Request))
#45 C:/Users/danie/.gemini/antigravity-ide/scratch/documentation/Intern/vendor/laravel/framework/src/Illuminate/Pipeline/Pipeline.php(183): Illuminate/Http/Middleware/TrustProxies->handle(Object(Illuminate/Http/Request), Object(Closure))
#46 C:/Users/danie/.gemini/antigravity-ide/scratch/documentation/Intern/vendor/laravel/framework/src/Illuminate/Pipeline/Pipeline.php(119): Illuminate/Pipeline/Pipeline->Illuminate/Pipeline/{closure}(Object(Illuminate/Http/Request))
#47 C:/Users/danie/.gemini/antigravity-ide/scratch/documentation/Intern/vendor/laravel/framework/src/Illuminate/Foundation/Http/Kernel.php(175): Illuminate/Pipeline/Pipeline->then(Object(Closure))
#48 C:/Users/danie/.gemini/antigravity-ide/scratch/documentation/Intern/vendor/laravel/framework/src/Illuminate/Foundation/Http/Kernel.php(144): Illuminate/Foundation/Http/Kernel->sendRequestThroughRouter(Object(Illuminate/Http/Request))
#49 C:/Users/danie/.gemini/antigravity-ide/scratch/documentation/Intern/public/index.php(51): Illuminate/Foundation/Http/Kernel->handle(Object(Illuminate/Http/Request))
#50 C:/Users/danie/.gemini/antigravity-ide/scratch/documentation/Intern/vendor/laravel/framework/src/Illuminate/Foundation/resources/server.php(16): require_once('C://Users//danie//...')
#51 {main}
"} 
[2026-09-29 06:10:05] local.ERROR: View [server-racks.index] not found. {"userId":1,"exception":"[object] (InvalidArgumentException(code: 0): View [server-racks.index] not found. at C:/Users/danie/.gemini/antigravity-ide/scratch/documentation/Intern/vendor/laravel/framework/src/Illuminate/View/FileViewFinder.php:137)
[stacktrace]
#0 C:/Users/danie/.gemini/antigravity-ide/scratch/documentation/Intern/vendor/laravel/framework/src/Illuminate/View/FileViewFinder.php(79): Illuminate/View/FileViewFinder->findInPaths('server-racks.in...', Array)
#1 C:/Users/danie/.gemini/antigravity-ide/scratch/documentation/Intern/vendor/laravel/framework/src/Illuminate/View/Factory.php(137): Illuminate/View/FileViewFinder->find('server-racks.in...')
#2 C:/Users/danie/.gemini/antigravity-ide/scratch/documentation/Intern/vendor/laravel/framework/src/Illuminate/Foundation/helpers.php(1020): Illuminate/View/Factory->make('server-racks.in...', Array, Array)
#3 C:/Users/danie/.gemini/antigravity-ide/scratch/documentation/Intern/app/Http/Controllers/ServerRackController.php(28): view('server-racks.in...', Array)
#4 C:/Users/danie/.gemini/antigravity-ide/scratch/documentation/Intern/vendor/laravel/framework/src/Illuminate/Routing/Controller.php(54): App/Http/Controllers/ServerRackController->index()
#5 C:/Users/danie/.gemini/antigravity-ide/scratch/documentation/Intern/vendor/laravel/framework/src/Illuminate/Routing/ControllerDispatcher.php(43): Illuminate/Routing/Controller->callAction('index', Array)
#6 C:/Users/danie/.gemini/antigravity-ide/scratch/documentation/Intern/vendor/laravel/framework/src/Illuminate/Routing/Route.php(259): Illuminate/Routing/ControllerDispatcher->dispatch(Object(Illuminate/Routing/Route), Object(App/Http/Controllers/ServerRackController), 'index')
#7 C:/Users/danie/.gemini/antigravity-ide/scratch/documentation/Intern/vendor/laravel/framework/src/Illuminate/Routing/Route.php(205): Illuminate/Routing/Route->runController()
#8 C:/Users/danie/.gemini/antigravity-ide/scratch/documentation/Intern/vendor/laravel/framework/src/Illuminate/Routing/Router.php(806): Illuminate/Routing/Route->run()
#9 C:/Users/danie/.gemini/antigravity-ide/scratch/documentation/Intern/vendor/laravel/framework/src/Illuminate/Pipeline/Pipeline.php(144): Illuminate/Routing/Router->Illuminate/Routing/{closure}(Object(Illuminate/Http/Request))
#10 C:/Users/danie/.gemini/antigravity-ide/scratch/documentation/Intern/vendor/laravel/framework/src/Illuminate/Routing/Middleware/SubstituteBindings.php(50): Illuminate/Pipeline/Pipeline->Illuminate/Pipeline/{closure}(Object(Illuminate/Http/Request))
#11 C:/Users/danie/.gemini/antigravity-ide/scratch/documentation/Intern/vendor/laravel/framework/src/Illuminate/Pipeline/Pipeline.php(183): Illuminate/Routing/Middleware/SubstituteBindings->handle(Object(Illuminate/Http/Request), Object(Closure))
#12 C:/Users/danie/.gemini/antigravity-ide/scratch/documentation/Intern/vendor/laravel/framework/src/Illuminate/Auth/Middleware/Authenticate.php(57): Illuminate/Pipeline/Pipeline->Illuminate/Pipeline/{closure}(Object(Illuminate/Http/Request))
#13 C:/Users/danie/.gemini/antigravity-ide/scratch/documentation/Intern/vendor/laravel/framework/src/Illuminate/Pipeline/Pipeline.php(183): Illuminate/Auth/Middleware/Authenticate->handle(Object(Illuminate/Http/Request), Object(Closure))
#14 C:/Users/danie/.gemini/antigravity-ide/scratch/documentation/Intern/vendor/laravel/framework/src/Illuminate/Foundation/Http/Middleware/VerifyCsrfToken.php(78): Illuminate/Pipeline/Pipeline->Illuminate/Pipeline/{closure}(Object(Illuminate/Http/Request))
#15 C:/Users/danie/.gemini/antigravity-ide/scratch/documentation/Intern/vendor/laravel/framework/src/Illuminate/Pipeline/Pipeline.php(183): Illuminate/Foundation/Http/Middleware/VerifyCsrfToken->handle(Object(Illuminate/Http/Request), Object(Closure))
#16 C:/Users/danie/.gemini/antigravity-ide/scratch/documentation/Intern/vendor/laravel/framework/src/Illuminate/View/Middleware/ShareErrorsFromSession.php(49): Illuminate/Pipeline/Pipeline->Illuminate/Pipeline/{closure}(Object(Illuminate/Http/Request))
#17 C:/Users/danie/.gemini/antigravity-ide/scratch/documentation/Intern/vendor/laravel/framework/src/Illuminate/Pipeline/Pipeline.php(183): Illuminate/View/Middleware/ShareErrorsFromSession->handle(Object(Illuminate/Http/Request), Object(Closure))
#18 C:/Users/danie/.gemini/antigravity-ide/scratch/documentation/Intern/vendor/laravel/framework/src/Illuminate/Session/Middleware/StartSession.php(121): Illuminate/Pipeline/Pipeline->Illuminate/Pipeline/{closure}(Object(Illuminate/Http/Request))
#19 C:/Users/danie/.gemini/antigravity-ide/scratch/documentation/Intern/vendor/laravel/framework/src/Illuminate/Session/Middleware/StartSession.php(64): Illuminate/Session/Middleware/StartSession->handleStatefulRequest(Object(Illuminate/Http/Request), Object(Illuminate/Session/Store), Object(Closure))
#20 C:/Users/danie/.gemini/antigravity-ide/scratch/documentation/Intern/vendor/laravel/framework/src/Illuminate/Pipeline/Pipeline.php(183): Illuminate/Session/Middleware/StartSession->handle(Object(Illuminate/Http/Request), Object(Closure))
#21 C:/Users/danie/.gemini/antigravity-ide/scratch/documentation/Intern/vendor/laravel/framework/src/Illuminate/Cookie/Middleware/AddQueuedCookiesToResponse.php(37): Illuminate/Pipeline/Pipeline->Illuminate/Pipeline/{closure}(Object(Illuminate/Http/Request))
#22 C:/Users/danie/.gemini/antigravity-ide/scratch/documentation/Intern/vendor/laravel/framework/src/Illuminate/Pipeline/Pipeline.php(183): Illuminate/Cookie/Middleware/AddQueuedCookiesToResponse->handle(Object(Illuminate/Http/Request), Object(Closure))
#23 C:/Users/danie/.gemini/antigravity-ide/scratch/documentation/Intern/vendor/laravel/framework/src/Illuminate/Cookie/Middleware/EncryptCookies.php(67): Illuminate/Pipeline/Pipeline->Illuminate/Pipeline/{closure}(Object(Illuminate/Http/Request))
#24 C:/Users/danie/.gemini/antigravity-ide/scratch/documentation/Intern/vendor/laravel/framework/src/Illuminate/Pipeline/Pipeline.php(183): Illuminate/Cookie/Middleware/EncryptCookies->handle(Object(Illuminate/Http/Request), Object(Closure))
#25 C:/Users/danie/.gemini/antigravity-ide/scratch/documentation/Intern/vendor/laravel/framework/src/Illuminate/Pipeline/Pipeline.php(119): Illuminate/Pipeline/Pipeline->Illuminate/Pipeline/{closure}(Object(Illuminate/Http/Request))
#26 C:/Users/danie/.gemini/antigravity-ide/scratch/documentation/Intern/vendor/laravel/framework/src/Illuminate/Routing/Router.php(805): Illuminate/Pipeline/Pipeline->then(Object(Closure))
#27 C:/Users/danie/.gemini/antigravity-ide/scratch/documentation/Intern/vendor/laravel/framework/src/Illuminate/Routing/Router.php(784): Illuminate/Routing/Router->runRouteWithinStack(Object(Illuminate/Routing/Route), Object(Illuminate/Http/Request))
#28 C:/Users/danie/.gemini/antigravity-ide/scratch/documentation/Intern/vendor/laravel/framework/src/Illuminate/Routing/Router.php(748): Illuminate/Routing/Router->runRoute(Object(Illuminate/Http/Request), Object(Illuminate/Routing/Route))
#29 C:/Users/danie/.gemini/antigravity-ide/scratch/documentation/Intern/vendor/laravel/framework/src/Illuminate/Routing/Router.php(737): Illuminate/Routing/Router->dispatchToRoute(Object(Illuminate/Http/Request))
#30 C:/Users/danie/.gemini/antigravity-ide/scratch/documentation/Intern/vendor/laravel/framework/src/Illuminate/Foundation/Http/Kernel.php(200): Illuminate/Routing/Router->dispatch(Object(Illuminate/Http/Request))
#31 C:/Users/danie/.gemini/antigravity-ide/scratch/documentation/Intern/vendor/laravel/framework/src/Illuminate/Pipeline/Pipeline.php(144): Illuminate/Foundation/Http/Kernel->Illuminate/Foundation/Http/{closure}(Object(Illuminate/Http/Request))
#32 C:/Users/danie/.gemini/antigravity-ide/scratch/documentation/Intern/vendor/laravel/framework/src/Illuminate/Foundation/Http/Middleware/TransformsRequest.php(21): Illuminate/Pipeline/Pipeline->Illuminate/Pipeline/{closure}(Object(Illuminate/Http/Request))
#33 C:/Users/danie/.gemini/antigravity-ide/scratch/documentation/Intern/vendor/laravel/framework/src/Illuminate/Foundation/Http/Middleware/ConvertEmptyStringsToNull.php(31): Illuminate/Foundation/Http/Middleware/TransformsRequest->handle(Object(Illuminate/Http/Request), Object(Closure))
#34 C:/Users/danie/.gemini/antigravity-ide/scratch/documentation/Intern/vendor/laravel/framework/src/Illuminate/Pipeline/Pipeline.php(183): Illuminate/Foundation/Http/Middleware/ConvertEmptyStringsToNull->handle(Object(Illuminate/Http/Request), Object(Closure))
#35 C:/Users/danie/.gemini/antigravity-ide/scratch/documentation/Intern/vendor/laravel/framework/src/Illuminate/Foundation/Http/Middleware/TransformsRequest.php(21): Illuminate/Pipeline/Pipeline->Illuminate/Pipeline/{closure}(Object(Illuminate/Http/Request))
#36 C:/Users/danie/.gemini/antigravity-ide/scratch/documentation/Intern/vendor/laravel/framework/src/Illuminate/Foundation/Http/Middleware/TrimStrings.php(40): Illuminate/Foundation/Http/Middleware/TransformsRequest->handle(Object(Illuminate/Http/Request), Object(Closure))
#37 C:/Users/danie/.gemini/antigravity-ide/scratch/documentation/Intern/vendor/laravel/framework/src/Illuminate/Pipeline/Pipeline.php(183): Illuminate/Foundation/Http/Middleware/TrimStrings->handle(Object(Illuminate/Http/Request), Object(Closure))
#38 C:/Users/danie/.gemini/antigravity-ide/scratch/documentation/Intern/vendor/laravel/framework/src/Illuminate/Foundation/Http/Middleware/ValidatePostSize.php(27): Illuminate/Pipeline/Pipeline->Illuminate/Pipeline/{closure}(Object(Illuminate/Http/Request))
#39 C:/Users/danie/.gemini/antigravity-ide/scratch/documentation/Intern/vendor/laravel/framework/src/Illuminate/Pipeline/Pipeline.php(183): Illuminate/Foundation/Http/Middleware/ValidatePostSize->handle(Object(Illuminate/Http/Request), Object(Closure))
#40 C:/Users/danie/.gemini/antigravity-ide/scratch/documentation/Intern/vendor/laravel/framework/src/Illuminate/Foundation/Http/Middleware/PreventRequestsDuringMaintenance.php(99): Illuminate/Pipeline/Pipeline->Illuminate/Pipeline/{closure}(Object(Illuminate/Http/Request))
#41 C:/Users/danie/.gemini/antigravity-ide/scratch/documentation/Intern/vendor/laravel/framework/src/Illuminate/Pipeline/Pipeline.php(183): Illuminate/Foundation/Http/Middleware/PreventRequestsDuringMaintenance->handle(Object(Illuminate/Http/Request), Object(Closure))
#42 C:/Users/danie/.gemini/antigravity-ide/scratch/documentation/Intern/vendor/laravel/framework/src/Illuminate/Http/Middleware/HandleCors.php(49): Illuminate/Pipeline/Pipeline->Illuminate/Pipeline/{closure}(Object(Illuminate/Http/Request))
#43 C:/Users/danie/.gemini/antigravity-ide/scratch/documentation/Intern/vendor/laravel/framework/src/Illuminate/Pipeline/Pipeline.php(183): Illuminate/Http/Middleware/HandleCors->handle(Object(Illuminate/Http/Request), Object(Closure))
#44 C:/Users/danie/.gemini/antigravity-ide/scratch/documentation/Intern/vendor/laravel/framework/src/Illuminate/Http/Middleware/TrustProxies.php(39): Illuminate/Pipeline/Pipeline->Illuminate/Pipeline/{closure}(Object(Illuminate/Http/Request))
#45 C:/Users/danie/.gemini/antigravity-ide/scratch/documentation/Intern/vendor/laravel/framework/src/Illuminate/Pipeline/Pipeline.php(183): Illuminate/Http/Middleware/TrustProxies->handle(Object(Illuminate/Http/Request), Object(Closure))
#46 C:/Users/danie/.gemini/antigravity-ide/scratch/documentation/Intern/vendor/laravel/framework/src/Illuminate/Pipeline/Pipeline.php(119): Illuminate/Pipeline/Pipeline->Illuminate/Pipeline/{closure}(Object(Illuminate/Http/Request))
#47 C:/Users/danie/.gemini/antigravity-ide/scratch/documentation/Intern/vendor/laravel/framework/src/Illuminate/Foundation/Http/Kernel.php(175): Illuminate/Pipeline/Pipeline->then(Object(Closure))
#48 C:/Users/danie/.gemini/antigravity-ide/scratch/documentation/Intern/vendor/laravel/framework/src/Illuminate/Foundation/Http/Kernel.php(144): Illuminate/Foundation/Http/Kernel->sendRequestThroughRouter(Object(Illuminate/Http/Request))
#49 C:/Users/danie/.gemini/antigravity-ide/scratch/documentation/Intern/public/index.php(51): Illuminate/Foundation/Http/Kernel->handle(Object(Illuminate/Http/Request))
#50 C:/Users/danie/.gemini/antigravity-ide/scratch/documentation/Intern/vendor/laravel/framework/src/Illuminate/Foundation/resources/server.php(16): require_once('C://Users//danie//...')
#51 {main}
"} 
[2026-09-29 06:27:52] local.ERROR: View [audit-logs.statistics] not found. {"userId":1,"exception":"[object] (InvalidArgumentException(code: 0): View [audit-logs.statistics] not found. at C:/Users/danie/.gemini/antigravity-ide/scratch/documentation/Intern/vendor/laravel/framework/src/Illuminate/View/FileViewFinder.php:137)
[stacktrace]
#0 C:/Users/danie/.gemini/antigravity-ide/scratch/documentation/Intern/vendor/laravel/framework/src/Illuminate/View/FileViewFinder.php(79): Illuminate/View/FileViewFinder->findInPaths('audit-logs.stat...', Array)
#1 C:/Users/danie/.gemini/antigravity-ide/scratch/documentation/Intern/vendor/laravel/framework/src/Illuminate/View/Factory.php(137): Illuminate/View/FileViewFinder->find('audit-logs.stat...')
#2 C:/Users/danie/.gemini/antigravity-ide/scratch/documentation/Intern/vendor/laravel/framework/src/Illuminate/Foundation/helpers.php(1020): Illuminate/View/Factory->make('audit-logs.stat...', Array, Array)
#3 C:/Users/danie/.gemini/antigravity-ide/scratch/documentation/Intern/app/Http/Controllers/AuditLogController.php(165): view('audit-logs.stat...', Array)
#4 C:/Users/danie/.gemini/antigravity-ide/scratch/documentation/Intern/vendor/laravel/framework/src/Illuminate/Routing/Controller.php(54): App/Http/Controllers/AuditLogController->statistics(Object(Illuminate/Http/Request))
#5 C:/Users/danie/.gemini/antigravity-ide/scratch/documentation/Intern/vendor/laravel/framework/src/Illuminate/Routing/ControllerDispatcher.php(43): Illuminate/Routing/Controller->callAction('statistics', Array)
#6 C:/Users/danie/.gemini/antigravity-ide/scratch/documentation/Intern/vendor/laravel/framework/src/Illuminate/Routing/Route.php(259): Illuminate/Routing/ControllerDispatcher->dispatch(Object(Illuminate/Routing/Route), Object(App/Http/Controllers/AuditLogController), 'statistics')
#7 C:/Users/danie/.gemini/antigravity-ide/scratch/documentation/Intern/vendor/laravel/framework/src/Illuminate/Routing/Route.php(205): Illuminate/Routing/Route->runController()
#8 C:/Users/danie/.gemini/antigravity-ide/scratch/documentation/Intern/vendor/laravel/framework/src/Illuminate/Routing/Router.php(806): Illuminate/Routing/Route->run()
#9 C:/Users/danie/.gemini/antigravity-ide/scratch/documentation/Intern/vendor/laravel/framework/src/Illuminate/Pipeline/Pipeline.php(144): Illuminate/Routing/Router->Illuminate/Routing/{closure}(Object(Illuminate/Http/Request))
#10 C:/Users/danie/.gemini/antigravity-ide/scratch/documentation/Intern/app/Http/Middleware/IsAdmin.php(19): Illuminate/Pipeline/Pipeline->Illuminate/Pipeline/{closure}(Object(Illuminate/Http/Request))
#11 C:/Users/danie/.gemini/antigravity-ide/scratch/documentation/Intern/vendor/laravel/framework/src/Illuminate/Pipeline/Pipeline.php(183): App/Http/Middleware/IsAdmin->handle(Object(Illuminate/Http/Request), Object(Closure))
#12 C:/Users/danie/.gemini/antigravity-ide/scratch/documentation/Intern/vendor/laravel/framework/src/Illuminate/Routing/Middleware/SubstituteBindings.php(50): Illuminate/Pipeline/Pipeline->Illuminate/Pipeline/{closure}(Object(Illuminate/Http/Request))
#13 C:/Users/danie/.gemini/antigravity-ide/scratch/documentation/Intern/vendor/laravel/framework/src/Illuminate/Pipeline/Pipeline.php(183): Illuminate/Routing/Middleware/SubstituteBindings->handle(Object(Illuminate/Http/Request), Object(Closure))
#14 C:/Users/danie/.gemini/antigravity-ide/scratch/documentation/Intern/vendor/laravel/framework/src/Illuminate/Auth/Middleware/Authenticate.php(57): Illuminate/Pipeline/Pipeline->Illuminate/Pipeline/{closure}(Object(Illuminate/Http/Request))
#15 C:/Users/danie/.gemini/antigravity-ide/scratch/documentation/Intern/vendor/laravel/framework/src/Illuminate/Pipeline/Pipeline.php(183): Illuminate/Auth/Middleware/Authenticate->handle(Object(Illuminate/Http/Request), Object(Closure))
#16 C:/Users/danie/.gemini/antigravity-ide/scratch/documentation/Intern/vendor/laravel/framework/src/Illuminate/Foundation/Http/Middleware/VerifyCsrfToken.php(78): Illuminate/Pipeline/Pipeline->Illuminate/Pipeline/{closure}(Object(Illuminate/Http/Request))
#17 C:/Users/danie/.gemini/antigravity-ide/scratch/documentation/Intern/vendor/laravel/framework/src/Illuminate/Pipeline/Pipeline.php(183): Illuminate/Foundation/Http/Middleware/VerifyCsrfToken->handle(Object(Illuminate/Http/Request), Object(Closure))
#18 C:/Users/danie/.gemini/antigravity-ide/scratch/documentation/Intern/vendor/laravel/framework/src/Illuminate/View/Middleware/ShareErrorsFromSession.php(49): Illuminate/Pipeline/Pipeline->Illuminate/Pipeline/{closure}(Object(Illuminate/Http/Request))
#19 C:/Users/danie/.gemini/antigravity-ide/scratch/documentation/Intern/vendor/laravel/framework/src/Illuminate/Pipeline/Pipeline.php(183): Illuminate/View/Middleware/ShareErrorsFromSession->handle(Object(Illuminate/Http/Request), Object(Closure))
#20 C:/Users/danie/.gemini/antigravity-ide/scratch/documentation/Intern/vendor/laravel/framework/src/Illuminate/Session/Middleware/StartSession.php(121): Illuminate/Pipeline/Pipeline->Illuminate/Pipeline/{closure}(Object(Illuminate/Http/Request))
#21 C:/Users/danie/.gemini/antigravity-ide/scratch/documentation/Intern/vendor/laravel/framework/src/Illuminate/Session/Middleware/StartSession.php(64): Illuminate/Session/Middleware/StartSession->handleStatefulRequest(Object(Illuminate/Http/Request), Object(Illuminate/Session/Store), Object(Closure))
#22 C:/Users/danie/.gemini/antigravity-ide/scratch/documentation/Intern/vendor/laravel/framework/src/Illuminate/Pipeline/Pipeline.php(183): Illuminate/Session/Middleware/StartSession->handle(Object(Illuminate/Http/Request), Object(Closure))
#23 C:/Users/danie/.gemini/antigravity-ide/scratch/documentation/Intern/vendor/laravel/framework/src/Illuminate/Cookie/Middleware/AddQueuedCookiesToResponse.php(37): Illuminate/Pipeline/Pipeline->Illuminate/Pipeline/{closure}(Object(Illuminate/Http/Request))
#24 C:/Users/danie/.gemini/antigravity-ide/scratch/documentation/Intern/vendor/laravel/framework/src/Illuminate/Pipeline/Pipeline.php(183): Illuminate/Cookie/Middleware/AddQueuedCookiesToResponse->handle(Object(Illuminate/Http/Request), Object(Closure))
#25 C:/Users/danie/.gemini/antigravity-ide/scratch/documentation/Intern/vendor/laravel/framework/src/Illuminate/Cookie/Middleware/EncryptCookies.php(67): Illuminate/Pipeline/Pipeline->Illuminate/Pipeline/{closure}(Object(Illuminate/Http/Request))
#26 C:/Users/danie/.gemini/antigravity-ide/scratch/documentation/Intern/vendor/laravel/framework/src/Illuminate/Pipeline/Pipeline.php(183): Illuminate/Cookie/Middleware/EncryptCookies->handle(Object(Illuminate/Http/Request), Object(Closure))
#27 C:/Users/danie/.gemini/antigravity-ide/scratch/documentation/Intern/vendor/laravel/framework/src/Illuminate/Pipeline/Pipeline.php(119): Illuminate/Pipeline/Pipeline->Illuminate/Pipeline/{closure}(Object(Illuminate/Http/Request))
#28 C:/Users/danie/.gemini/antigravity-ide/scratch/documentation/Intern/vendor/laravel/framework/src/Illuminate/Routing/Router.php(805): Illuminate/Pipeline/Pipeline->then(Object(Closure))
#29 C:/Users/danie/.gemini/antigravity-ide/scratch/documentation/Intern/vendor/laravel/framework/src/Illuminate/Routing/Router.php(784): Illuminate/Routing/Router->runRouteWithinStack(Object(Illuminate/Routing/Route), Object(Illuminate/Http/Request))
#30 C:/Users/danie/.gemini/antigravity-ide/scratch/documentation/Intern/vendor/laravel/framework/src/Illuminate/Routing/Router.php(748): Illuminate/Routing/Router->runRoute(Object(Illuminate/Http/Request), Object(Illuminate/Routing/Route))
#31 C:/Users/danie/.gemini/antigravity-ide/scratch/documentation/Intern/vendor/laravel/framework/src/Illuminate/Routing/Router.php(737): Illuminate/Routing/Router->dispatchToRoute(Object(Illuminate/Http/Request))
#32 C:/Users/danie/.gemini/antigravity-ide/scratch/documentation/Intern/vendor/laravel/framework/src/Illuminate/Foundation/Http/Kernel.php(200): Illuminate/Routing/Router->dispatch(Object(Illuminate/Http/Request))
#33 C:/Users/danie/.gemini/antigravity-ide/scratch/documentation/Intern/vendor/laravel/framework/src/Illuminate/Pipeline/Pipeline.php(144): Illuminate/Foundation/Http/Kernel->Illuminate/Foundation/Http/{closure}(Object(Illuminate/Http/Request))
#34 C:/Users/danie/.gemini/antigravity-ide/scratch/documentation/Intern/vendor/laravel/framework/src/Illuminate/Foundation/Http/Middleware/TransformsRequest.php(21): Illuminate/Pipeline/Pipeline->Illuminate/Pipeline/{closure}(Object(Illuminate/Http/Request))
#35 C:/Users/danie/.gemini/antigravity-ide/scratch/documentation/Intern/vendor/laravel/framework/src/Illuminate/Foundation/Http/Middleware/ConvertEmptyStringsToNull.php(31): Illuminate/Foundation/Http/Middleware/TransformsRequest->handle(Object(Illuminate/Http/Request), Object(Closure))
#36 C:/Users/danie/.gemini/antigravity-ide/scratch/documentation/Intern/vendor/laravel/framework/src/Illuminate/Pipeline/Pipeline.php(183): Illuminate/Foundation/Http/Middleware/ConvertEmptyStringsToNull->handle(Object(Illuminate/Http/Request), Object(Closure))
#37 C:/Users/danie/.gemini/antigravity-ide/scratch/documentation/Intern/vendor/laravel/framework/src/Illuminate/Foundation/Http/Middleware/TransformsRequest.php(21): Illuminate/Pipeline/Pipeline->Illuminate/Pipeline/{closure}(Object(Illuminate/Http/Request))
#38 C:/Users/danie/.gemini/antigravity-ide/scratch/documentation/Intern/vendor/laravel/framework/src/Illuminate/Foundation/Http/Middleware/TrimStrings.php(40): Illuminate/Foundation/Http/Middleware/TransformsRequest->handle(Object(Illuminate/Http/Request), Object(Closure))
#39 C:/Users/danie/.gemini/antigravity-ide/scratch/documentation/Intern/vendor/laravel/framework/src/Illuminate/Pipeline/Pipeline.php(183): Illuminate/Foundation/Http/Middleware/TrimStrings->handle(Object(Illuminate/Http/Request), Object(Closure))
#40 C:/Users/danie/.gemini/antigravity-ide/scratch/documentation/Intern/vendor/laravel/framework/src/Illuminate/Foundation/Http/Middleware/ValidatePostSize.php(27): Illuminate/Pipeline/Pipeline->Illuminate/Pipeline/{closure}(Object(Illuminate/Http/Request))
#41 C:/Users/danie/.gemini/antigravity-ide/scratch/documentation/Intern/vendor/laravel/framework/src/Illuminate/Pipeline/Pipeline.php(183): Illuminate/Foundation/Http/Middleware/ValidatePostSize->handle(Object(Illuminate/Http/Request), Object(Closure))
#42 C:/Users/danie/.gemini/antigravity-ide/scratch/documentation/Intern/vendor/laravel/framework/src/Illuminate/Foundation/Http/Middleware/PreventRequestsDuringMaintenance.php(99): Illuminate/Pipeline/Pipeline->Illuminate/Pipeline/{closure}(Object(Illuminate/Http/Request))
#43 C:/Users/danie/.gemini/antigravity-ide/scratch/documentation/Intern/vendor/laravel/framework/src/Illuminate/Pipeline/Pipeline.php(183): Illuminate/Foundation/Http/Middleware/PreventRequestsDuringMaintenance->handle(Object(Illuminate/Http/Request), Object(Closure))
#44 C:/Users/danie/.gemini/antigravity-ide/scratch/documentation/Intern/vendor/laravel/framework/src/Illuminate/Http/Middleware/HandleCors.php(49): Illuminate/Pipeline/Pipeline->Illuminate/Pipeline/{closure}(Object(Illuminate/Http/Request))
#45 C:/Users/danie/.gemini/antigravity-ide/scratch/documentation/Intern/vendor/laravel/framework/src/Illuminate/Pipeline/Pipeline.php(183): Illuminate/Http/Middleware/HandleCors->handle(Object(Illuminate/Http/Request), Object(Closure))
#46 C:/Users/danie/.gemini/antigravity-ide/scratch/documentation/Intern/vendor/laravel/framework/src/Illuminate/Http/Middleware/TrustProxies.php(39): Illuminate/Pipeline/Pipeline->Illuminate/Pipeline/{closure}(Object(Illuminate/Http/Request))
#47 C:/Users/danie/.gemini/antigravity-ide/scratch/documentation/Intern/vendor/laravel/framework/src/Illuminate/Pipeline/Pipeline.php(183): Illuminate/Http/Middleware/TrustProxies->handle(Object(Illuminate/Http/Request), Object(Closure))
#48 C:/Users/danie/.gemini/antigravity-ide/scratch/documentation/Intern/vendor/laravel/framework/src/Illuminate/Pipeline/Pipeline.php(119): Illuminate/Pipeline/Pipeline->Illuminate/Pipeline/{closure}(Object(Illuminate/Http/Request))
#49 C:/Users/danie/.gemini/antigravity-ide/scratch/documentation/Intern/vendor/laravel/framework/src/Illuminate/Foundation/Http/Kernel.php(175): Illuminate/Pipeline/Pipeline->then(Object(Closure))
#50 C:/Users/danie/.gemini/antigravity-ide/scratch/documentation/Intern/vendor/laravel/framework/src/Illuminate/Foundation/Http/Kernel.php(144): Illuminate/Foundation/Http/Kernel->sendRequestThroughRouter(Object(Illuminate/Http/Request))
#51 C:/Users/danie/.gemini/antigravity-ide/scratch/documentation/Intern/public/index.php(51): Illuminate/Foundation/Http/Kernel->handle(Object(Illuminate/Http/Request))
#52 C:/Users/danie/.gemini/antigravity-ide/scratch/documentation/Intern/vendor/laravel/framework/src/Illuminate/Foundation/resources/server.php(16): require_once('C://Users//danie//...')
#53 {main}
"} 
